 ,,,,,,,,,,,,,,,,,,,,,,,,,,,,,
дата,день недели,ЕГЭ/ОГЭ и др.,8-1,9-1,9-2,9-3,10-1,10-2,10-3,10-4,10-5,10-6,10-7,10-8,10-9,11-1,11-2,11-3,11-4,11-5,11-6,11-7,11-8,11-9,11-10,11-11,11-12,дата,день недели
Мероприятия 2026-2027 учебного года,,,,,,,,,,,,,,,,,,,,,,,,,,,,,
28 августа,пт,,интенсив,,,,,,,,,,,,,"Мат. пересдача 9:00, ауд. 2.10",,,,,,,,,Интенсив,,,,
,,,,,,,,,,,,,,,,,,,,,,,,,,,,28 августа,чт
29 августа,сб,,,,,,,,,,,,,,,"Биол. пересдача 15:00, ауд. 4.5.; Физ пересдача 15:00 (11-1,11-2, 11-3) ауд. 4.2.",,,,,,,,,,,,29 августа,пт
30 августа,вс,,,,,,,,,,,,,,,,,,,,," Физ. пересдача 10:00, ауд. 4.2."," Физ. пересдача 10:00, ауд. 4.2."," Физ. пересдача 10:00, ауд. 4.2.",,,,30 августа,сб
31 августа,пн,,,,,,,,,,,,,,,,,,,,,,,,,,,31 августа,пн
1 сентября,вт,"Линейка, посвященная Дню знаний. Площадка перед УК. 11:50 - 12:40  (уроки сокращены на 5 мин.).",,,,,,,,,,,,,,,,,,,,,,,,,,1 сентября,вт
2 сентября,ср,,,,,,,,,,,,,,,,,,,,,,,,,,,2 сентября,ср
3 сентября,чт,,,Научнопопулярная лекция по математике 16:00 в 1.2,,,,,,,,,,,,,,,,,,,,,,,,3 сентября,чт
4 сентября,пт,,,,,,,,,,,,,,,,,,,,,,,,,,,4 сентября,пт
5 сентября,сб,,,,,,,,,,,,,,,,,,,,,,,,,,,5 сентября,сб
6 сентября,вс,,,,,,,,,,,,,,,,,,,,,,,,,,,6 сентября,вс
7 сентября,пн,,,Презентация спецкурсов кафедры Математики 16:00 ДЦ актовый зал,,,,,,,,,,,,,,,,,,,,,,,,7 сентября,пн
8 сентября,вт,,,,,,,,,,,,,,,,,,,,,,,,,,,8 сентября,вт
9 сентября,ср,,,"Отбор на спецкурс Олимпиадная полготовка по физике 16:00 1.3, 5.6, 5.7, 3.13",,,,,,,,,,,,,,,,,,,,,,,,9 сентября,ср
10 сентября,чт,,,,,,,,,,,,,,,,,,,,,,,,,,,10 сентября,чт
11 сентября,пт,,,"Отбор на спецкурс Олимпиадная полготовка по физике 16:00 1.3, 5.6, 5.7, 3.13",,,,,,,,,,,,,,,,,,,,,,,,11 сентября,пт
12 сентября,сб,,,,,,,,,,,,,,,,,,,,,,,,,,,12 сентября,сб
13 сентября,вс,,,,,,,,,,,,,,,,,,,,,,,,,,,14 сентября,пн
14 сентября,пн,,,,,,,,,,,,,,,,,,,,,,,,,,,15 сентября,вт
15 сентября,вт,,,,,,,,,,,,,,,,,,,,,,,,,,,16 сентября,ср
16 сентября,ср,,,,,,,,,,,,,,,,,,,,,,,,,,,17 сентября,чт
17 сентября,чт,,,,,,,,,,,,,,,,,,,,,,,,,,,18 сентября,пт
18 сентября,пт,,,,,,,,,,,,,,,,,,,,,,,,,,,19 сентября,сб
19 сентября,сб,,,,,,,,,,,,,,,,,,,,,,,,,,,20 сентября,вс
20 сентября,вс,,,,,,,,,,,,,,,,,,,,,,,,,,,21 сентября,пн
21 сентября,пн,,,,,,,,,,,,,,,,,,,,,,,,,,,22 сентября,вт
22 сентября,вт,,,,,,,,,,,,,,,,,,,,,,,,,,,23 сентября,ср
23 сентября,ср,,,,,,,,,,,,,,,,,,,,,,,,,,,24 сентября,чт
24 сентября,чт,,,,,,,,,,,,,,,,,,,,,,,,,,,25 сентября,пт
25 сентября,пт,,,,,,,,,,,,,,,,,,,,,,,,,,,26 сентября,сб
26 сентября,сб,,,,,,,,,,,,,,,,,,,,,,,,,,,27 сентября,вс
27 сентября,вс,,,,,,,,,,,,,,,,,,,,,,,,,,,28 сентября,пн
28 сентября,пн,,,,,,,,,,,,,,,,,,,,,,,,,,,29 сентября,вт
29 сентября,вт,,,,,,,,,,,,,,,,,,,,,,,,,,,30 сентября,ср
30 сентября,ср,,,,,,,,,,,,,,,,,,,,,,,,,,,1 октября,чт
1 октября,чт,,,,,,,,,,,,,,,,,,,,,,,,,,,2 октября,пт
2 октября,пт,Пробный ЕГЭ по биологии 16:00 ,,,,,,,,,,,,,,,,,,,,,,,,,,3 октября,сб
3 октября,сб,,,,,,,,,,,,,,,,,,,,,,,,,,,4 октября,вс
4 октября,вс,,,,,,,,,,,,,,,,,,,,,,,,,,,5 октября,пн
5 октября,пн,,,,,,,,,,,,,,,,,,,,,,,,,,,6 октября,вт
6 октября,вт,,,,,,,,,,,,,,,,,,,,,,,,,,,7 октября,ср
7 октября,ср,,,,,,,,,,,,,,,,,,,,,,,,,,,8 октября,чт
8 октября,чт,,,,,,,,,,,,,,,,,,,,,,Театр,,,,,9 октября,пт
9 октября,пт,"Пробный ЕГЭ по биологии 16:00  4.13, 4.1",,,,,,,,,,,,,,,,,,,,,,,,,,10 октября,сб
10 октября,сб,,,,,,,,,,,,,,,,,,,,,,,,,,,11 октября,вс
11 октября,вс,,,,,,,,,,,,,,,,,,,,,,,,,,,12 октября,пн
12 октября,пн,,,,,,,,,,,,,,,,,,,,,,,,,,,13 октября,вт
13 октября,вт,,,,,,,,,,,,,,,,,,,,,,,,,,,14 октября,ср
14 октября,ср,,,,,,,,,,,,,,,,,,,,,,,,,,,15 октября,чт
15 октября,чт,,,,,,,,,,,,,,,,,,,,,,,,,,,16 октября,пт
16 октября,пт,,,,,,,,,,,,,,,,,,,,,,,,,,,17 октября,сб
17 октября,сб,,,,,,,,,,,,,,,,,,,,,,,,,,,18 октября,вс
18 октября,вс,,,,,,,,,,,,,,,,,,,,,,,,,,,19 октября,пн
19 октября,пн,,,,,,,,,,,,,,,,,,,,,,,,,,,20 октября,вт
20 октября,вт,,,,,,,,,,,,,,,,,,,,,,,,,,,21 октября,ср
21 октября,ср,,,,,,,,,,,,,,,,,,,,,,,,,,,22 октября,чт
22 октября,чт,,,,,,,,,,,,,,,,,,,,,Мат.коллокв. 4.12,,,,,,23 октября,пт
23 октября,пт,,,,,,,,,,,,,,,,,,,,,,,,,,,24 октября,сб
24 октября,сб,,,,,,,,,,,,,,,,,,,,,,,,,,,25 октября,вс
25 октября,вс,,,,,,,,,,,,,,,,,,,,,,,,,,,26 октября,пн
26 октября,пн,,,,,,,,,,,,,,,,,,,"Физ. ПК  16:00, 1.3, 2.5",,,,,,,,27 октября,вт
27 октября,вт,,,,,,"Физ ПК 1.2, 2.10",,,,,,,,,,,,,,,,,,,,,28 октября,ср
28 октября,ср,,,,,,,,,,"Физ. ПК 16:00 5.6, 4.12",,,,,Физ ПК 16: 00 1.3,,Хим. КР,,,,,,,Физ ПК 16:00 3.10,,,29 октября,чт
29 октября,чт,,,,,,,,Физ. ПК 16:00 4.12,,,,"Физ. ПК 16:00 4.13, 4.9",,,,,,,,,,,,,,,30 октября,пт
30 октября,пт,"Пробный ЕГЭ по химии 16:00  1.3,  4.12",,,,,,,,Физ. ПК 10:20 1.3,,,,,Физ. ПК 10:20 1.3,,,,"Физ.ПК 15:15 3.13, 3.10, 5.6",,,,,"Физ.ПК 15:15 3.13, 3.10, 5.6",,,,31 октября,сб
31 октября,сб,,,,,,,,,,,,,,,Хим. ПК,,,,,,,,,,,,1 ноября,вс
1 ноября,вс,,КАНИКУЛЫ,,,,,,,,,,,,,,,,,,,,,,,,,2 ноября,пн
2 ноября,пн,,,,,,,,,,,,,,,,,,,,,,,,,,,3 ноября,пн
3 ноября,вт,,,,,,,,,,,,,,,,,,,,,,,,,,,4 ноября,вт
4 ноября,ср,,,,,,,,,,,,,,,,,,,,,,,,,,,5 ноября,ср
5 ноября,чт,,,,,,,,,,,,,,,,,,,,,,,,,,,6 ноября,чт
6 ноября,пт,МЭ ВсОШ МХК,,,,,,,,,,,,,,,,,,,,,,,,,,7 ноября,пт
7 ноября,сб,МЭ ВсОШ обществознание,,,,,,,,,,,,,,,,,,,,,,,,,,8 ноября,сб
8 ноября,вс,,,,,,,,,,,,,,,,,,,,,,,,,,,9 ноября,вс
9 ноября,пн,МЭ ВсОШ физика,,,,,,,,,,,,,,,,,,,,,,,,,,10 ноября,пн
10 ноября,вт,МЭ ВсОШ русский,,,,,,,,,,,,,,,,,,,,,,,,,,11 ноября,вт
11 ноября,ср,"МЭ ВсОШ астрономия, физ-ра",,,,,"Мат. кол. 16:00, 12.11, 19.11 2.8, 2.7",,Мат. колл. 16:00 3.10,,,,,,,,,,,,,,,,,,,12 ноября,ср
12 ноября,чт,"МЭ ВсОШ экономика, физ-ра",,,,,,,,,,,,,,,,,,,,,,,,,,13 ноября,чт
13 ноября,пт,"Пробный ЕГЭ по информатике/биологии 4.13, 4.2 16:00; 
МЭ ВсОШ химия",,,Мат. колл 16:30 2.6,,,,,,,,,Мат.колл. 16:00 2.5,,,,,Мат.колл. 16:00 2.10 (кроме 408),,,,,Мат.колл. 18:00 2.10,,,,14 ноября,пт
14 ноября,сб,,,Мат.колл 16:30 2.6,,,,,,,,,Мат.колл. 16:00 2.10,,,,,,"Мат.колл. гр. 408, 10:20 3.3",,,,,,,,,15 ноября,сб
15 ноября,вс,,,,,,,,,,,,,,,,,,,,,,,,,,,16 ноября,вс
16 ноября,пн,МЭ ВсОШ литература,,,,,,,,,,,,,,,,Мат. кол. 16:00 2.8,,,,,,,Мат. кол. 16:00 2.8,,,17 ноября,пн
17 ноября,вт,МЭ ВсОШ география,,,,,,,,Мат.кол. 16:00 4.12,,,,,Мат.колл. 16:00 4.12,,,,,,,,,,,,,18 ноября,вт
18 ноября,ср,"МЭ ВсОШ немецкий, французский",,,,,,,,,,,,,,,,,,,,,,,,,,19 ноября,ср
19 ноября,чт,"МЭ ВсОШ немецкий, французский","Посвящение в ФМШата, 15:30, Актовый зал. Время проведения занятий на третьей паре сокращено  на 10 минут. ",,,,,,,,,,,,,,,,,,,,,,,,,20 ноября,чт
20 ноября,пт,МЭ ВсОШ труд,,Генеральная уборка в общежитиях,,,,,,,,,,,,,,,,,,,,,,,,21 ноября,пт
21 ноября,сб,,,Физ. задания. 16:00 5.3,,,,,,,,,,,,,,,,,,,,,,,,22 ноября,сб
22 ноября,вс,,,,,,,,,,,,,,,,,,,,,,,,,,,23 ноября,вс
23 ноября,пн,МЭ ВсОШ труд,,,,,,,,,,,,,,,,,,,,,,,,,,24 ноября,пн
24 ноября,вт,МЭ ВсОШ биология,,,,,,,,,,,,,,,,,,,,,,,,,,25 ноября,вт
25 ноября,ср,МЭ ВсОШ история,,,,,,,,,,,,,,,,,,,,,,,,,,26 ноября,ср
26 ноября,чт,МЭ ВсОШ математика,,,,Мат.колл 16:00 3.14,,,,,,Мат. колл.16:00 2.4,,,,,,,,,,,,,,,,27 ноября,чт
27 ноября,пт,"Пробный ЕГЭ по физике 16:00 3.5, 3.6, 3.7, 3.8, 3.9 1.3;
МЭ ВсОШ ОБЗР",,,,,,,,,Мат. колл.16:00 2.4,,,,,,,,,,,,,,,,,28 ноября,пт
28 ноября,сб,,,,,,,,,,,,,,,,,,,,,,,,,,,29 ноября,сб
29 ноября,вс,,,,,,,,,,,,,,,,,,,,,,,,,,,30 ноября,вс
30 ноября,пн,МЭ ВсОШ ОБЗР,,,,,,,,,,,,,,,,,,,,,,,,,,1 декабря,пн
1 декабря,вт,МЭ ВсОШ английский,,,,,,,,,,,,,,,,,,,,,,,,,,2 декабря,вт
2 декабря,ср,,,,,,,,,,,,,,,,,,,,,,,,,,,3 декабря,ср
3 декабря,чт,"МЭ ВсОШ английский, экология",,,,,,,,,,,Биол. П.К. 16:00 1.3,,,,,,,,,,,,,,,4 декабря,чт
4 декабря,пт,"Пробный ЕГЭ по химии 16:00  1.3,  4.12;
МЭ ВсОШ право",,,,,,,,,,,,,,,,,,,,,,,,,,5 декабря,пт
5 декабря,сб,,,Театр,,,,,,,,,,,,Химия П.К. 12:30,Химия П.К. 12:30 Театр,,,,,Театр,,,,,,6 декабря,сб
6 декабря,вс,,,,,,,,,,,,,,,,,,,,,,,,,,,7 декабря,вс
7 декабря,пн,"МЭ ВсОШ китайский, испанский, итальянский",,,,,Анкетирование 5.6,,,,,,,,,"Биол. П.К. 16:00 1.3, ",,Биол. П.К. 5.13 16:00,"Биол. П.К. 16:00 1.3, 3.13","Биол. П.К. 16:00 4.13, 4.8, 4.5,  4.12  Конс.хим ",,Биол. П.К. 16:00 1.2,,Биол. П.К. гр.418 16:00 1.2,,,,8 декабря,пн
8 декабря,вт,МЭ ВсОШ программирование,,"Биол. П.К. 18:00 1.3, 3.13",,,,,"Биол. П.К. 16:00 4.13, 4.8, 4.5,  4.12",Хим. П.К. 16:00 3.10 ,"Биол. П.К. 16:00 4.13, 4.8, 4.5,  4.12",,,,Хим П.К. 16:00 3.14,,,,Хим. П.К. 16:00 5.6,,,,,Хим. П.К. 16:00 5.6,,,,9 декабря,вт
9 декабря,ср,,Конс. физ.,,,,"Биол. П.К. 16:00 4.12, 4.13, 4.9  ",,,Биол.П.К. 16:00 4.9,Физ ПК 16:00 1.3,,,,Биол.П.К. 16:00 4.9,,Конс. физ. 304 гр. 18:00 5.7,Конс Хим,,,,Хим. П.К. 17:00 5.6,,,Биол. ПК 522 гр. 16:00 4.6 ,,,10 декабря,ср
10 декабря,чт,,,,,,,,,,Хим. П.К.  16:00 5.6,,Хим. П.К. 16:00  1.3,,,,,,,Хим. П.К.  16:00 5.6,,,,,Конс. физ 522 10:20 4.6,,,11 декабря,чт
11 декабря,пт,,Конс.физ. 14:45 5.7,Хим. П.К. 16:00 1.3,,,,,,Физ. колл. 16:00 3.13,Конс.хим. 18:00 1.3,,,,,,,,"Физ ПК 15:30 5.6, 4.13, 4.12",,,,,"Физ ПК 15:30 5.6,  4.13, 4.12",Биол. ПК. гр. 521 15:30 4.7 ,,,12 декабря,пт
12 декабря,сб,,,,,Физ. конс. 18:00 5.6,,,,,,,,,Физ. колл. 16:00 3.13,,,,,,,,,,,,,13 декабря,сб
13 декабря,вс,,,,,,,,,,,,,,,,,,,,,,,,,,,14 декабря,вс
14 декабря,,, РАСПИСАНИЕ СЕССИИ (начало экзаменов 9:00),,,,,,,,,,,,,,,,,,,,,,,,,,
15 декабря,пн,"МЭ ВсОШ робототехника;
                    СЕССИЯ",Физика КР 4.13,,Мат. конс. 506 10:00 2.3,"Физика 3.13, 3.14",Конс. физ. 9:00 1.2,,Химия П 2.5,,Химия 5.6,,,,,,,Химия 2.10,,Химия 1.3,,,,,Физ П 3.10,,,15 декабря,пн
16 декабря,вт,СЕССИЯ,Конс.мат. 10:00 3.5,"Математика П 1.3, 2.10",,,"Физ П 3.13, 3.10, 3.14",,,,,,Мат П 5.6,,,,,,,,,"Мат П 4.12, 4.13",,,,,,16 декабря,вт
17 декабря,ср,"МЭ ВсОШ ИИ;
                    СЕССИЯ",,,,,,,,Мат П 4.12,,Конс.инф. 12:30 1.18,,,Мат П 4.13,Мат П 1.3,,Конс. физ. 16:00 2.8,,Конс.инф. 12:30 1.18,,,,,Конс. физ. 521 гр. 12:00  2.7; Конс хим 522 12:30 4.9,,,17 декабря,ср
18 декабря,чт,СЕССИЯ,Математика КР 4.12,Конс. мат. 16:00 1.3,,математика   П 1.3,Физ у 3.5,,Мат П 1.3,,"Мат П 3.13, 3.14, ",,Конс. мат. 18:00 5.6,,,Конс. мат. 9:00 1.2,,Физ У 4.13,Мат.п 5.6,"Мат П 2.3, 2.4, 2.5, 2.10. ",,Конс. мат. 18:00 1.3,,Мат.п 5.6,Химия гр. 522 4.9 Физ У  гр. 521 3.10,,,18 декабря,чт
19 декабря,пт,"МЭ ВсОШ информационная безопасность;
                    СЕССИЯ",,Мат у 2.10,,,,Физ у 3.5,,Конс. мат. 16:00 1.3,Конс. мат. 11:00 1.2,,Мат У 2.5,,Конс. мат. 16:00 1.3,Мат У 2.3,,,,,,Мат у 2.4,,,,,,19 декабря,пт
20 декабря,сб,СЕССИЯ,Конс.мат. 10:00 3.10,,Мат у 2.10,,,,Конс. мат. весь 10-3 11:00 2.7 Конс. мат. 18:30 1.2,Мат У 2.8,,,,Мат У 2.5,,,Мат У 2.3,Конс. мат. 18:00 1.2,Конс. мат. 18:00 1.3,Конс.мат. 16:45 5.6,,,Мат у 2.4,Конс. мат. 18:00 1.3,Конс. мат. 18:00 1.2,,,20 декабря,сб
21 декабря,вс,,Математика У 4.12,,,,,,Мат.У 2.10,,Мат У 3.13,,,,Мат.у 3.14,,,Мат П 1.3,,,Мат У 2.3,,,Мат.у 2.5,Мат П 1.3,,,21 декабря,вс
22 декабря,пн,,Математика У 4.12,Конс. физ. 12:30 1.2,,,"Мат П 2.10, 2.4",,Конс.физ. 18:00 4.9,Конс. физ. 9:00. 1.2,,Мат У 3.14,,,Конс. физ. 9:00. 1.2,,,,Мат.у 2.5,Мат У 2.3,,Физ. конс. 16:00 5.6,,,,,,22 декабря,пн
23 декабря,вт,,Конс.хим. 10:00 2.3,Физика П 1.3,,,,,,,Конс. физ. 1.2 12:30 ,,Физ П 5.6,,,"Физ 4.12, 4.13",,Конс. мат. 18:00 1.3,Конс.физ. 15:00 1.2,,,"Физ П 3.13, 3.14, 3.10",,Конс.физ. 15:00 1.2,Конс. мат. 18:00 1.3,,,23 декабря,вт
24 декабря,ср,,,,,Конс. Хим. 16:00 3.13,Конс. мат. 11:00 1.2 ,,Физика П 5.6,Физика П 1.3,Физ У 4.9,,,,Физика П 1.3,,,Мат У 4.12,,Конс физ. 3.13 9:00,,"Кон.физ. 414, 12:00 4.6",,Физ У 3.10,Мат У 4.12,,,24 декабря,ср
25 декабря,чт,,Химия КР 4.13,,Физика У 2.10,Химия П 4.12,Мат У 2.5,,,,,ФизУ 4.9,Физ У 5.6,,,,,,Физ У 3.10,"Физ П 1.3, 2.4",,Физ У 3.13,,,,,,25 декабря,чт
26 декабря,пт,,,Физика У 2.10,,,,Мат У 2.10,,,,,,Физ У 5.6,,Физ У 1.3,Физ У 1.3,,,Апелляция 12:00 4.7,,,Физ У 3.13,,,,,26 декабря,пт
27 декабря,сб,,,,,,,,,,,,,,,,,,,,,,,,,,,27 декабря,сб
28 декабря,вс,,,,,,,,,,,,,,,,,,,,,,,,,,,28 декабря,вс
29 декабря,пн,,,,,,,,,,,,,,,,,,,,,,,,,,,29 декабря,пн
30 декабря,вт,,,,,,,,,,,,,,,,,,,,,,,,,,,30 декабря,вт
31 декабря,ср,,,,,,,,,,,,,,,,,,,,,,,,,,,31 декабря,ср
1 января,чт,,,,,,,,,,,,,,,,,,,,,,,,,,,1 января,чт
2 января,пт,,,,,,,,,,,,,,,,,,,,,,,,,,,2 января,пт
3 января,сб,,,,,,,,,,,,,,,,,,,,,,,,,,,3 января,сб
4 января,вс,,,,,,,,,,,,,,,,,,,,,,,,,,,4 января,вс
5 января,пн,,,,,,,,,,,,,,,,,,,,,,,,,,,5 января,пн
6 января,вт,,,,,,,,,,,,,,,,,,,,,,,,,,,6 января,вт
7 января,ср,,,,,,,,,,,,,,,,,,,,,,,,,,,7 января,ср
8 января,чт,,,,,,,,,,,,,,,,,,,,,,,,,,,8 января,чт
9 января,пт,,,,,,,,,,,,,,,,,,,,,,,,,,,9 января,пт
10 января,сб,,,,,,,,,,,,,,,,,,,,,,,,,,,10 января,сб
11 января,вс,,,,,,,,,,,,,,,,,,,,,,,,,,,11 января,вс
12 января,пн,РЭ ВсОШ Экономика,,,,,,,,,,,,,,,,,,,,,,,,,,12 января,пн
13 января,вт,РЭ ВсОШ Биология,,,,,Пересдача Физ. П 16:00 4.7,,,,,,,,,,,,,,,,,,Пересдача Физ. 16:00 4.6,,,13 января,вт
14 января,ср,,,,,,,,,,Пересдача Физ. 18:00 3.8,,,,,Пересдача Физ 15:30 4.9,,,Пересдача Хим 16:00 4.2,,,Пересдача Хим 16:00 4.12,,Хим. П.К. 16:00 4.2,,,,14 января,ср
15 января,чт,РЭ ВсОШ Биология,Мат. П. 15:30 1.3,,,Математика 15:30 1.3,Пересдача Физ. У 16:00 4.7,,Пересдача Мат. П. У. 15:30 1.3,,,,,,,,,Пересдача Мат. П. 15:30 1.3,Пересдача Мат. 15:30 1.3,,,Пересдача Мат. 15:30 1.3,,Пересдача Мат. 15:30 1.3,"Пересдача Мат. П.15:30 1.3, Мат.У. 1.2.",,,15 января,чт
16 января,пт,Пробный ЕГЭ по биологии 16:00 ,,,,,,,,,,,Биол. П.К. 18:00 4.7,,,,,,,Пересдача Мат. П. 15:30 2.10,,Биол. П.К. 18:00 4.7,,Биол. П.К.  418 18:00 4.7,,,,16 января,пт
17 января,сб,РЭ ВсОШ Информатика,,,,,,,,,,,,,,,,,, Физ. 16:00 4.5,,,,,Пересдача Хим (522) 15:30  4.6,,,17 января,сб
18 января,вс,,,,,,,,,,,,,,,,,,,,,,,,,,,18 января,вс
19 января,пн,РЭ ВсОШ Информатика,"Физика, 15:00, ауд. 5.7",,,Пересдача Ф. 16:00 5.6,Пересдача Мат. П. 15:30 2.10,,Пересдача Мат. У. 15:30 2.6,Пересдача Мат. П. 15:30 2.10,Химия. 16:00 4.12,,,,Пересдача Мат. П. 15:30 2.10,,,,,Химия. 16:00 4.12,,Пересдача Ф. 16:00 5.6,,,,,,19 января,пн
20 января,вт,РЭ ВсОШ История,,"Пересдача   Математика П,У16:00  2.10",,,,"Биология, 16:00, 4.2",Пересдача Физ. 16:00 4.1,"Рус. яз. 16:00, ауд. 2.8, Биология, 16:00, 4.2","Биология, 16:00, 4.13, ",,"Пересдача Мат.П, У 16:00 2.3",,"Рус. яз. 16:00, ауд. 2.8",Пересдача Ф.  16:00 4.9 ,"Пересдача Ф.  16:00 4.9 Биология, 16:00, 4.2","Биология, 16:00, 4.13",Пересда. Физ. 16:00 4.5,"Биология, 16:00, 4.13",,,,Пересда. Физ. 16:00 4.5,"Биология, 16:00, 4.2",,,20 января,вт
21 января,ср,РЭ ВсОШ История,,,,,,,,,,,,,,,,,,,,,,,,,,21 января,ср
22 января,чт,РЭ ВсОШ Химия,,,,"Пересдача, переводной Химия 15:30 4.8",Пересдача Мат.У. 15:30 2.10,,,Пересдача Мат. П. и У. 15:30 2.10,Пересдача Мат. П. 15:30 2.4,,,,Пересдача Мат.У. 15:30 2.10,Пересдача Мат.П 15:00 2.6,,,Пересдача Мат. 16:00 1.3,,,Пересдача Мат. 16:00 1.3,,Пересдача Мат. 16:00 1.3,,,,22 января,чт
23 января,пт,"РЭ ВсОШ Химия
Пробный ЕГЭ по физике 16:00 1.3, 3.6, 3.7, 3.9, 3.5 ",,Пересдача Химия 16:00 4.9,,,"Англ. 16:00, ауд. 3.20",Пересд. хим. 16:00 4.4,Пересдача Биол. 16:00 4.4,Пересдача Химия 16:00 4.2,"Мат. У, 16:00, 2.4 ",,,,Пересдача Химия 16:00 4.2,"Биология, 15:15, 4.5",Вечер ММФ НГУ В ФМШ 16:00 1.2,,,,,,,,,,,23 января,пт
24 января,сб,РЭ ВсОШ Русский язык,,Пересдача Физика 16:00 4.9,,,,,Пересдача Мат. 15:30 2.8 Пересдача Химия 15:30 4.8 ,Пересдача Физ. 16:00 4.4,,,Пересдача Химия 15:00 4.2,,,Пересдача Мат. У 15:30  2.6 ,,,,,,Пересдапча Хим. 16:00 4.1,,,Пересдача Хим (522) 15:30  4.6,,,24 января,сб
25 января,вс,,,,,,,,,,,,,,,,,,,,,,,,,,,25 января,вс
26 января,пн,,,"Мат. У. 16:00, 2.10",,,,,,"Лит-ра, 15.30, ауд. 3.4",,"История, 15:30, 2.5",,"Физ. У, 18:00, 4.2","Лит-ра, 15.30, ауд. 3.4",,"История, 15:30, 2.5",,"Физика У, 16:00, 4.2",,,Пересдача Хим. 18:00 4.1,,,,,,26 января,пн
27 января,вт,,,,,,,,,"Рус. яз. 16.00, ауд. 3.4 (комиссия)", Пересдача Мат. 2.4 16:00,,,,,,,,,,,,,,,,,27 января,вт
28 января,,РАЗГОВОРЫ О ВАЖНОМ 15:15,,,,,,,,,,,,,,,,,,,,,,,,,,,
29 января,ср,РЭ ВсОШ Обществознание,,,,,,,,,Пересдача Мат. 2.8 15:30,,Пересдача Химия (комиссия) 16:00 4.1,,,,,,,,,,,,,,,28 января,ср
30 января,чт,РЭ ВсОШ Обществознание,,"Физика (комиссия), 17:00, 4.5",,,Мат. пересд. комисс. 15.30 2.10,,,,,"Биология, 18:00, 4.13","Биология, 18:00, 4.13",Мат. пересд. комисс. 15.30 2.10,,,,,,,,"Физика (комиссия), 17:00, 4.5",,,,,,29 января,чт
31 января,пт,"РЭ ВсОШ Физика
Пробный ЕГЭ математика",,,,,,,,Химия (комиссия) 16:00 4.8,,,,,,Мат. пересдача комиссия 15:30 2.5,,,,,,,,,,,,30 января,пт
1 февраля,сб,РЭ ВсОШ Физика,ДЕНЬ САМОУПРАВЛЕНИЯ,,,,,,,,,,,,,,,,,,,,,,,,,31 января,сб
2 февраля,вс,,,,,,,,,,,,,,,,,,,,,,,,,,,1 февраля,вс
3 февраля,пн,РЭ ВсОШ Математика,,,,,,,,,,,,,,,,,,,,,,,,,,2 февраля,пн
4 февраля,вт,РЭ ВсОШ Математика,,,,,,,,,,,,,,,,,,,,,,,,,,3 февраля,вт
5 февраля,,РАЗГОВОРЫ О ВАЖНОМ 15:15,,,,,,,,,,,,,,,,,,,,,,,,,,,
6 февраля,ср,РЭ ВсОШ Немецкий язык,,,,,,,,,,,,,,,,,,,,,,,,,,4 февраля,ср
7 февраля,чт,РЭ ВсОШ Немецкий язык,,,,,,,Пересдача Хим. 15:30 4.1,"Литература, комиссия, 15.30",,,,Пересдача Хим. (комиссия) 15:30 4.1,,,,,,,,,,,,,,5 февраля,чт
8 февраля,пт,РЭ ВсОШ Экология,,Генеральная уборка в общежитиях,,,,,,,,,,,,,,,,,,,,,,,,6 февраля,пт
9 февраля,сб,РЭ ВсОШ Экология,,,,Химия (комиссия) 16:00 4.8,,,,,,,,,,,,,,,,,,"Информатика, пересд. 12.30, 1.18",,,,7 февраля,сб
10 февраля,вс,,,,,,,,,,,,,,,,,,,,,,,,,,,8 февраля,вс
11 февраля,пн,РЭ ВсОШ Литература,,,,,,,,,,,,,,,,,,,,,,,,,,9 февраля,пн
12 февраля,вт,РЭ ВсОШ Право,,,,,,,,,,,,,,,,,,,,,,,,,,10 февраля,вт
13 февраля,,РАЗГОВОРЫ О ВАЖНОМ 15:15,,,,,,,,,,,,,,,,,,,,,,,,,,,
14 февраля,ср,Итоговое собеседование у 9-х кл.,,,,,,,,,,,,,,,,,,,,,,,,,,11 февраля,ср
15 февраля,чт,,,,,,,,,,,,,,,,,,,,,,,,,,,12 февраля,чт
16 февраля,пт,"Пробный ЕГЭ по химии 16:00 1.3, 4.12",,,,,,,,,,,,,,,,,,,,,,,,,,13 февраля,пт
17 февраля,сб,РЭ ВсОШ География,,,,,,,,,,,,,,,,,,,,,,"Информатика, комис. пересдача, 12.30, каб.1.18",,,,14 февраля,сб
18 февраля,вс,,,,,,,,,,,,,,,,,,,,,,,,,,,15 февраля,вс
19 февраля,пн,,,,,,,,,,,,,,,,,,,,,,,,,,,16 февраля,пн
20 февраля,вт,,,,,,,,,,,,,,,,,,,,,,,,,,,17 февраля,вт
21 февраля,,РАЗГОВОРЫ О ВАЖНОМ 15:15,,,,,,,,,,,,,,,,,,,,,,,,,,,
22 февраля,ср,,,,,,,,,,,,,,,,,,,,,,,,,,,18 февраля,ср
23 февраля,чт,,,,,,,,,,,,,,,,,,,,,,,,,,,19 февраля,чт
24 февраля,пт,Пробный ЕГЭ по информатике 16:00. Пробный ЕГЭ по биологии 16:00  ,,,,,,,,,,,,,,,,,,,,,,,,,,20 февраля,пт
25 февраля,сб,,,,,,,,,,,,,,,,,,,,,,,,,,,21 февраля,сб
26 февраля,вс,,,,,,,,,,,,,,,,,,,,,,,,,,,22 февраля,вс
27 февраля,пн,,,,,,,,,,,,,,,,,,,,,,,,,,,23 февраля,пн
28 февраля,вт,РЭ ВсОШ Астрономия,,,,,,,,,,,,,,,,,,,,,,,,,,24 февраля,вт
1 марта,,РАЗГОВОРЫ О ВАЖНОМ 15:15,,,,,,,,,,,,,,,,,,,,,,,,,,,
2 марта,ср,РЭ ВсОШ Астрономия,,,,,Театр,,,,,,,,,,,,,,,,,,,,,25 февраля,ср
3 марта,чт,,,,,,,,,,,,,,,,,,,,,,,,,,,26 февраля,чт
4 марта,пт,Пробный ЕГЭ по биологии 16:00 ,,,,,,,,,,,,,,,,,,,,,,,,,,27 февраля,пт
5 марта,сб,РЭ ВсОШ Искусство (МХК),,,,,,,,,,,,,,,,,,,,,,,,,,28 февраля,сб
6 марта,вс,,,,,,,,,,,,,,,,,,,,,,,,,,,1 марта,вс
7 марта,пн,,,,,,,,,,,,,,,,,,,,,,,,,,,2 марта,пн
8 марта,вт,,,,,,,,,,,,,,,,,,,,,,,,,,,3 марта,вт
9 марта,,РАЗГОВОРЫ О ВАЖНОМ 15:15,,,,,,,,,,,,,,,,,,,,,,,,,,,
10 марта,ср,,,,,,,,,,,,,,,,,,,,,,,,,,,4 марта,ср
11 марта,чт,,,,,,,,,,,,театр,,,,,,,,,,,,,,,5 марта,чт
12 марта,пт,"Пробный ЕГЭ по химии 16:00 1.3, 4.12","Концерт к 8 марта, 15:30",,,,,,,,,,,,,,,,,,,,,,,,,6 марта,пт
13 марта,сб,,,,,,,,,,,,,,,,,,,,,,,,,,,7 марта,сб
14 марта,вс,,,,,,,,,,,,,,,,,,,,,,,,,,,8 марта,вс
15 марта,пн,,"Дискотека, 20:00",,,,,,,,,,,,,,,,,,,,,,,,,9 марта,пн
16 марта,вт,,,,,,,,,,,,,,,,,,,,,,,,,,,10 марта,вт
17 марта,,РАЗГОВОРЫ О ВАЖНОМ 15:15,,,,,,,,,,,,,,,,,,,,,,,,,,,
18 марта,ср,,,,,,,,,,,,,,,,,,,,,,,,,,,11 марта,ср
19 марта,чт,,,,,,,,,Физ.коллокв.  510 гр. 17:00 4.9,,,,,Физ.коллокв.  520 гр. 16:00  4.9,,,,,,,,,,,,,12 марта,чт
20 марта,пт,,,Генеральная уборка в общежитиях,,,,,,,,,,,,,,,,,,,,,,,,13 марта,пт
21 марта,сб,,,,,,,,,Физ.коллокв.  509 гр. 16:00 4.9,,,,,Физ.коллокв.  519 гр. 16:00 4.9,,,,,,,,,,,,,14 марта,сб
22 марта,вс,,"ФМШоу, Актовый зал",,,,,,,,,,,,,,,,,,,,,,,,,15 марта,вс
23 марта,пн,,,,,,,,,,,,,,,,,,,"Физ. ПК 16:00 1.3, 2.6",,,,,Физ.ПК 16:00 5.6,,,16 марта,пн
24 марта,вт,,,,,,"Физ. ПК 8:30 1.2, 2.10",,,,"Физ. ПК 16:00  4.12, 4.13",,,,,,,,,,,,,,,,,17 марта,вт
25 марта,ср,,,,,,,,Физ. ПК 16:00 5.6,,"Хим. ПК 16:00 1.3, 4.12",,,,,"Физ ПК 16:00 3.13, 3.14",,Хим.ПК 8:30,Мат. колл. 18:00 3.7,"Биол. ПК 16:00 4.12, 4.13, 4.5, 4.8 16:00",,,,,,,,18 марта,ср
26 марта,чт,,,,,,,,,,,,,,,,,,,,,,,,,,,19 марта,чт
27 марта,пт,"Пробный ЕГЭ по физике 16:00 1.3, 3.6, 3.7, 3.9, 3.5, 3.8",,,,Хим. ПК 4.12,,,,,,,"Физ. ПК 16:00, 5.6, 5.1",,,,,,,,,,,,,,,20 марта,пт
28 марта,сб,,,,,,,,,,,,,,,,,,"Физ. ПК 15:30 5.6, 3.13, 3.14 ",,,,,"Физ. ПК 15:30 5.6, 3.13, 3.14",,,,21 марта,сб
29 марта,вс,"Пробный ЕГЭ и ОГЭ по русс. яз., 10:00 1.3, 2.10, 2.3, 2.4, 2.5, 3.10, 3.13, 3.14, 5.6",КАНИКУЛЫ,,,,,,,,,,,,,,,,,,,,,,,,,22 марта,вс
30 марта,пн,,,,,,,,,,,,,,,,,,,,,,,,,,,23 марта,пн
31 марта,вт,,,,,,,,,,,,,,,,,,,,,,,,,,,24 марта,вт
1 апреля,ср,,,,,,,,,,,,,,,,,,,,,,,,,,,25 марта,ср
2 апреля,чт,,,,,,,,,,,,,,,,,,,,,,,,,,,26 марта,чт
3 апреля,пт,Пробный ЕГЭ по биологии 16:00 ,,,,,,,,,,,,,,,,,,,,,,,,,,27 марта,пт
4 апреля,сб,,,,,,,,,,,,,,,,,,,,,,,,,,,28 марта,сб
5 апреля,вс,,,,,,,,,,,,,,,,,,,,,,,,,,,29 марта,вс
6 апреля,пн,,,,,,,,,,,,,,,,,,,,,,,Колл. мат. 16:00 4.13,,,,30 марта,пн
7 апреля,вт,,,,,,,,,,,,,,,,,,,,,,,,,,,31 марта,вт
8 апреля,ср,,,,,,,,Мат. колл. 15:30 3.7,,,,,,,,,,,,,,,,,,,1 апреля,ср
9 апреля,чт,,,,,,,,,Театр,,,,,,,,,,,,,,,,,,2 апреля,чт
10 апреля,пт,"Пробный ЕГЭ, ОГЭ математика 1.3, 2.10, 2.3, 2.4, 2.5,  3.13, 3.14,  5.6, 4.12",,,,,,,,,,,,,,,,,,,,,,,,,,3 апреля,пт
11 апреля,сб,,,,,,,,,,,,,,,,,,,,,,,,,,,4 апреля,сб
12 апреля,вс,,,,,,,,,,,,,,,,,,,,,,,,,,,5 апреля,вс
13 апреля,пн,,,,,,,,,,,,,,,,,,,,,,,,,,,6 апреля,пн
14 апреля,вт,,,,,,,,,,,,,,,,,,,,,,,,,,,7 апреля,вт
15 апреля,ср,,,,,,Мат. колл. 16:00 3.14,,,,,,,Мат. колл. 16:00 3.2,,,,,,,,,,,,,,8 апреля,ср
16 апреля,чт,,,,,,,,,"Мат.колл. 510 гр. 12:30, 2.10;  509, 18:00 3.5",,,"Мат. колл.  516 15:00, 515 16:30  3.10",,"Мат.колл.  520 гр. 16:00, 519 гр. 18:00 3.5",,,,,,,,,,,,,9 апреля,чт
17 апреля,пт,"Пробный ЕГЭ по химии 16:00 1.3, 4.12",,,,,,,,,,,,,,,,,,,,,,,,,,10 апреля,пт
18 апреля,сб,,,Колл.мат. 15:30 2.10,,,,,,,,,,,,,,,,,,,,,,,,11 апреля,сб
19 апреля,вс,,,,,,,,,,,,,,,,,,,,,,,,,,,12 апреля,вс
20 апреля,пн,,,,,,,,,,,,,,,,,Мат. колл. 15:30 4.9,,,,,,,Мат. колл. 15:30 4.9,,,13 апреля,пн
21 апреля,вт,,,,,,,,,,Мат. колл. 16:00 3.5,,,,,,,,,,,,,,,,,14 апреля,вт
22 апреля,ср,,,,,,Мат. колл. 16:00 3.14,,,,,Мат. колл. 15:30 3.6,,,,,,,,,,,,,,,,15 апреля,ср
23 апреля,чт,,,,,Мат. колл. 15:30 2.5,,,,,,,,,,,,,,,,,,,,,,16 апреля,чт
24 апреля,пт,"Репетиционный ЕГЭ по русскому языку, 15:30 1.3",,Генеральная уборка в общежитиях,,,,,,,,,,,,,,,,,,,,,,,,17 апреля,пт
25 апреля,сб,,,,,,,,,,,,,,,,,,,,,,,,,,,18 апреля,сб
26 апреля,вс,МНСК,,,,,,,,,,,,,,,,,,,,,,,,,,19 апреля,вс
27 апреля,пн,,,,,,,,,,,,,,,,,,,,,,,,,,,20 апреля,пн
28 апреля,вт,"Репетиционный ОГЭ по русскому, 15:30 3.2",,,,,,,,,,,,,,,,,,,,,,,,,,21 апреля,вт
29 апреля,ср,,,,,,,,,,,,,,,,,,,,,,,,,,,22 апреля,ср
30 апреля,чт,,,,,,,,,,,,,,,,,,,Мат. колл. 15:30 ,,Мат.колл. 15:30 1.3,,,,,,23 апреля,чт
1 мая,пт,"Пробный ЕГЭ по информатике 16:00, 1.15, 1.16, 1.17, 1.18, 1.20, 1.21; Пробный ОГЭ по физике 5.6, 5.7",,,,,,,,,,,,,,,театр,,,,,,,,,,,24 апреля,пт
2 мая,сб,,,,,,,,,,,,,,,,,,,,,,,,Мат. Вып. зачет. 8:30,,,25 апреля,сб
3 мая,вс,,Кубик КВН,,,,,,,,,,,,,,,,,,,,,,,,,26 апреля,вс
4 мая,пн,Школьная проектная конференция,,"Физика 16:00 4.4, Математика 16:00 3.3, 2.10",,,,,,,,,,,,,,,,,,,,,"Физика 16:00 4.4, Математика 16:00 3.3",,,27 апреля,пн
5 мая,вт,Школьная проектная конференция,,"Информатика 16:00 1.15, 1.16",,,,,,,,,,,,,,Мат. Вып. зачет. 8:30,,,,,,,"Информатика 1.15, 1.16",,,28 апреля,вт
6 мая,ср,Школьная проектная конференция,,Биология 16:00 4.5,,,,,,,,,,,,,,,,,,,,,Биология 16:00 4.5,,,29 апреля,ср
7 мая,чт,Школьная проектная конференция,,"Химия 16:00 4.12, Организационные проекты 16:00 2.5, Общественнонаучные проекты 16:00 4.9, 3.3, Физика 16:00 3.4",,,,,,,,,,,,,,,,,,,,,"Химия 16:00 4.12, Организационные проекты 16:00 2.5, Общественнонаучные проекты 16:00 4.9, 3.3, Физика 16:00 3.4",,,30 апреля,чт
8 мая,пт,,,,,,,,,,,,,,,,,,,,,,,,,,,1 мая,пт
9 мая,сб,,,,,,,,,,,,,,,,,,,,,,,,,,,2 мая,сб
10 мая,вс,,,,,,,,,,,,,,,,,,,,,,,,,,,3 мая,вс
11 мая,пн,"Открытая лекция: ""Блокада Ленинграда: причины и начало"" 18:00 1.2",,,,,,,,,,,,,,,,,,,,,,,,,,4 мая,пн
12 мая,вт,,,,,,,,,,"Физ. ПК 16:00 4.12, 4.13",,Биол. ПК 16:00 1.3,,,,,,,,,,,,,,,5 мая,вт
13 мая,ср,,,,,,Биол. ПК 16:00 4.12,,,Биол. ПК 16:00 4.13,Конс. хим. 16:00 1.3,,,,Биол. ПК 16:00 4.9,,,,,,,,,,Био. ПК 521 гр. 16:00 4.2,,,6 мая,ср
14 мая,чт,,,Физ. колл. 15:30 5.6,,,,,,,Хим. ПК 16:00 1.3,,,,,,,,,,,,,,,,,7 мая,чт
15 мая,,,"Торжественное собрание, посвященное Дню Победы (11:50, Актовый зал)",,,,,,,,,,,,,,,,,,,,,,,,,,
16 мая,пт,"Пробный ЕГЭ по химии 16:00 1.3, 4.12",,,,,,,,,,,,,Физ. колл. 16:00  5.6,,,,,,,,,,,,,8 мая,пт
17 мая,сб,,,,,,,,,,,,,,,,,,,,,,,,,,,9 мая,сб
18 мая,вс,,,,,,,,,,,,,,,,,,,,,,,,,,,10 мая,вс
19 мая,пн,,,,,,,,,Хим. ПК 1.3 16:00,,,,,Хим. ПК 1.3 16:00,,,,,,,,,,,,,11 мая,пн
20 мая,вт,,,"Биол. пк 18:00 4.12, 4.13",,Хим. Д.з. 16:00 1.3,,,"БИОЛ. ПК 16:00 4.12, 4.13, 4.8, 4.5",,"БИОЛ. ПК 16:00 4.12, 4.13, 4.8, 4.5",,,,,,,,,,,,,,,,,12 мая,вт
21 мая,ср,,,,,,Начало военных сборов 15:00,,,,,,,,,,,Биол. П.К. 16:00 4.12,,,,,,,"Физ. дз. 4.6, 4.7 16:00",,,13 мая,ср
22 мая,чт,,,Хим. ПК 16:00 1.3,,Биол. ПК. 18:00 4.12,Военные сборы,,,,,,,,,,,,,,,,,,,,,14 мая,чт
23 мая,пт,"Пробный ЕГЭ по биологии 16:00 / Пробный ЕГЭ по физике 16:00 3.3, 3.4, 3.5, 3.6, 3.7, 3.8, 3.9, 3.10, 3.13",,,,,,,,,,,,,,,,,,,,,,,,,,15 мая,пт
24 мая,сб,,,,,,,,,"Физ. колл. 509 гр. 12:30, 2.10; 510 гр.  16:00, 2.10. ",,,"Хим. ИКР.  15:30 1.3, 1.21",,,,,Физ. ДЗ. 8:30 10:20,,,,,,,,,,16 мая,сб
25 мая,вс,,,,,,,,,,,,,,,,,,,,,,,,,,,17 мая,вс
26 мая,пн,,"Конкурс ""Работа над математическими ошибками"" 17:00 - 19:00 1.2 (для желающих)",,,,,,,,,,,,,,,,,,,,,,,,,18 мая,пн
27 мая,вт,"Пробный ОГЭ по Информатике 16:00 1.16, 1.17, 1.18,  ",,,,,,,,,,,,,,,,,,,,,,,,,,19 мая,вт
28 мая,ср,"Пробный ЕГЭ по Информатике 16:00 1.14, 1.15, 1.16, 1.17, 1.18, 1.20, 1.21 ",,,,,,,,,Конс. физ 16:00 1.2,,,,,,,,,Мат. д.з. 15:30 1.3,,,,,,,,20 мая,ср
29 мая,,,сессия,,,,"СЕССИЯ (экзамены с 9:00, если не указано другое время)",,,,,,,,,,,,,,,,,,,,,,
30 мая,чт,,Хим. П 4.13,,,,Физ П 1.3 2.5,,Мат П 2.3,Мат П 4.12,Физ У 3.5,,,,Мат П 4.12,,,,"Физ. ПК 3.13, 3.14 5.6 15:30","Биология. Пересдача. 4.8, 15:30",,,,"Физ. ПК 3.13, 3.14, 5.6 15:30",,,,21 мая,чт
31 мая,пт,,Конс. физ. 5.7 15:00,,,,,,,,,Физ У 3.10,Мат П 1.3,,,,,,,,,,,,,,,22 мая,пт
1 июня,сб,,,,,,,,конс 16:00 2.3,Конс. Мат 18:00 1.3,,,Конс. мат. 10:20 1.3,,Конс. Мат 18:00 1.3,,,,,Физ. диф.зачет 15:30 4.12,,,,,,,,23 мая,сб
2 июня,вс,,Физ. У 5.7,,,,Физ У 4.9,, Мат У 2.4,Мат У 2.5,"Мат П 1.3, 2.3",,,Мат У 2.10,,,,,,,,,,,,,,24 мая,вс
3 июня,пн,,Физ. У 5.7,"СУНЦ МАТЕМАТИКА 5.6, 4.12., с 9:00",,,,Физ У 4.9,,,,,Мат У 3.10,,Мат. У 4.13,"ЭКЗАМЕН ЗА СУНЦ ПО МАТЕМАТИКЕ с 9:00 , ауд. 1.3, 2.10, 2.3, 2.4, 2.5,  3.13, 3.14.",,,,,,,,,,,,25 мая,пн
4 июня,вт,,,"СУНЦ ФИЗИКА 5.6, с 9:00",,4.9,,,,Конс.физ. 9:00 1.2,Кон. мат. 11:00 1.2,,,,Конс.физ. 9:00 1.2,"ЭКЗАМЕН ЗА СУНЦ ПО ФИЗИКЕ, с 9:00, ауд. 1.3, 4.13",,,,,,,,,,,,26 мая,вт
5 июня,ср,,Мат. П 3.10,,,,"Мат П 4.12, 4.9",,"Хим 10:00 2.3, 2.4",Физ П 5.6,Мат У 2.5,,"Физ П 3.14, 3.13",,Физ П 5.6,"ЭКЗАМЕН ЗА СУНЦ ПО ХИМИИ 10:00 до 13:00, ауд.  1.3 , апелляция по физике экз.за СУНЦ 9:00, ауд.1.3",,,,,,,,,,,,27 мая,ср
6 июня,,,Последний звонок 15:30,,,,,,,,,,,,,,,,,,,,,,,,,,
7 июня,чт,,Конс. Мат.  10:00 3.10,"Лекции по подготовке к ОГЭ  ""задачи 20, 22"" 
Цыплакова М.А. 10:00 1.3",,,Конс. мат.  11:00 1.2,,Конс. физ. 16:00 2.4,,,Мат У   2.3,Конс. физ. 16:00 5.6,,,"ЭКЗАМЕН ЗА СУНЦ ПО БИОЛОГИИ, с 10:00 до 12:00, ауд.  4.13, 4.12",,,,,,,,,,,,28 мая,чт
8 июня,пт,"Пробный ЕГЭ  по Химии 10:00 1.3, 4.12",,"Лекции по подготовке к ОГЭ ""Планиметрия"" 
Петрова О.П. 10:00 1.2",,,Мат У 2.3,,,,Конс. хим. 12:30 1.2,,Физ У 3.10,,,"ЭКЗАМЕН ЗА СУНЦ ПО ИНФОРМАТИКЕ, с 10:00 до 13:00 1.14, 1.15, 1.16, 1.17, 1.18, 1.21",,,,,,,,,,,,29 мая,пт
9 июня,сб,,Мат. У 3.10,"Лекции по подготовке к ОГЭ  ""1 часть"" 
Курилкин Д.В. 10:00 5.6",,,,Мат У 2.3,Физ 4.9,,Химия П 1.3,,,Физ У 4.12,,"Лекции по подготовке к ЕГЭ ""Задача 18 - Задачи с параметрами"" 10:00 1.2, Порядок проведения ЕГЭ 12:00 1.3 Трепакова С.Б.; ""Задачи 13, 15 - Уравнения и неравенства""  16:00, 18:00 Стукачева М.В. 1.3.
",,,,,,,,,,,,30 мая,сб
10 июня,вс,,,,,,,,,,,,,,,,,,,,,,,,,,,31 мая,вс
11 июня,пн,"ЕГЭ история, литература, химия",,,,,,,,,,,,,,"Лекции по подготовке к ЕГЭ ""Задача 19"" Пащенко М.Г. 16:00 1.3",,,,,,,,,,,,1 июня,пн
12 июня,вт,ОГЭ математика,,,,,Мат. пересдача 9:00 4.13  Физ. пересдача 9.00 4.5,,,Мат. пересдача 9:00 4.12,,Биология пересдача 10:00 4.5,Мат. пересдача 9:00 2.4,,Мат. пересдача 9:00  4.12,"Русский язык 11-8, 11:00 3.13",,,,,,,,,,,,2 июня,вт
13 июня,ср,Первые  пересдача (с 1.06. по 5.06.2026),Род. собр. 18:30 1.3, Консультация к ОГЭ по Физике Семенова И.Ю. 11:00 5.6.,,,,,,Биолог. пересд. 16:00,Пересдача Мат. 15:00  2.3,,,,,"  Русский язык 11-8 12:00 3.13. Русский язык 11-5,6 10:00 3.13.",,,,,,,,,,,,3 июня,ср
14 июня,чт,ЕГЭ русский язык,,,,,,,"Химия, с 16:00,  ауд. 4.2, Физика, с 10.00, ауд. 4.5",,,,,"Биолог., с 18:00, 4.5",,,,,,,,,,,,,,4 июня,чт
15 июня,пт,ОГЭ все предметы(кроме русского и математики),Хим. пересдача 4.12,,,,,Физ. пересд. 9.00 4.5,,Физ. пересд. 9:00 4.13,Химия пересд. 15:00 4.5,,"Химия пересд. (письм), 9:30 , 4.2.",,Физ. пересд. 9:00 4.13,"Лекции по подготовке к ЕГЭ ""1 часть ЕГЭ"" Попова Н.А. 9:30;   ""Задача 16 - Экономические задачи"" 12:00 Кузнецов В.В. 1.3.",,,,,,,,,,,,5 июня,пт
16 июня,сб,ОГЭ информатика и иностранные языки,,,,,,,,,,,Физ. пересдача 9:00 5.1,,,"Лекции по подготовке к ЕГЭ ""Задача 14 - Стереометрия"" 10:00 Ню В.В, ""Задача 17 - Планиметрия"" 12:00 Журавлёва Е.Н. , 1.3 ",,,,,,,,,,,,6 июня,сб
17 июня,вс,,,,,,,,,,,,,,,,,,,,,,,,,,,7 июня,вс
18 июня,пн,"ЕГЭ математика (и профильная, и базовая)",,"Русский язык 9-1,2,3 12:00 1.3.",,,,,,,,,,,,"  Интенсив по подготовке к ЕГЭ по Физике: ""Тестовая часть"" 16:30, ""Оформление заданий 22 и 23"" 20:00  1.3.",,,,,,,,,,,,8 июня,пн
19 июня,вт,ОГЭ русский язык,,,,,,,,,,,,,,"Интенсив по подготовке к ЕГЭ по Физике: ""Вторая часть, задания 24 и 25"". 10:00 , Консультация с экспертом ЕГЭ по ОФОРМЛЕНИЮ задач по Физике Семеновой И.Ю. 15:00; ""Задания 24, 25"" 17:00 1.3",,,,,,,,,,,,9 июня,вт
20 июня,ср,,,,,,,,,,,,,,,"Интенсив по подготовке к ЕГЭ по Физике: ""Задаения 21 и 26"" 10:00 1.3, ",,,,,,,,,,,,10 июня,ср
21 июня,чт,"ЕГЭ обществознание, физика",,,,,,,,,,,,,,,,,,,,,,,,,,11 июня,чт
22 июня,пт,,,,,,,,,,,,,,,,,,,,,,,,,,,12 июня,пт
23 июня,сб,,,,,,,,,,,,,,,,,,,,,,,,,,,13 июня,сб
24 июня,вс,,,,,,,,,,,,,,,,,,,,,,,,,,,14 июня,вс
25 июня,пн,"ЕГЭ биология, география, иностранные языки (письменно)",,,,,,,,,,,,,,,,,,,,,,,,,,15 июня,пн
26 июня,вт,ОГЭ все предметы(кроме русского и математики),,,,,,,,,,,,,,,,,,,,,,,,,,16 июня,вт
27 июня,ср,,,,,,,,,,,,,,,Лекция перед КЕГЭ. 11:00 1.2,,,,,,,,,,,,17 июня,ср
28 июня,чт,"ЕГЭ иностранные языки (устная часть), информатика",,,,,,,,,,,,,,,,,,,,,,,,,,18 июня,чт
29 июня,пт,ОГЭ все предметы(кроме русского и математики),,,,,,,,,,,,,,,,,,,,,,,,,,,
30 июня,,"ЕГЭ иностранные языки (устная часть), информатика",,,,,,,,,,,,,,,,,,,,,,,,,,19 июня,пт
1 июля,сб,,,,,,,,,,,,,,,,,,,,,,,,,,,20 июня,сб
2 июля,вс,,,,,,,,,,,,,,,,,,,,,,,,,,,21 июня,вс
3 июля,пн,"резерв: информатика, литература, русский язык, физика, химия, иностранные языки П.",,,,,,,,,,,,,,,,,,,,,,,,,,,
4 июля,вт,"резерв ЕГЭ: биология, география, математика б.,п.,история, обществознание, иностранные языки У..",,,,,,,,,,,,,,ВЫПУСКНОЙ 11-х классов,,,,,,,,,,,,,
5 июля,ср,резерв ЕГЭ: по всем учебным предметам,,,,,,,,,,,,,,,,,,,,,,,,,,,
6 июля,чт,резерв ЕГЭ: ПО всем учебным предметам,,,,,,,,,,,,,,,,,,,,,,,,,,,
,,,,,,,,,,,,,,,,,,,,,,,,,,,,,
,,,,,,,,,,,,,,,,,,,,,,,,,,,,,
,,,,,,,,,,,,,,,,,,,,,,,,,,,,,
,,,,,,,,,,,,,,,,,,,,,,,,,,,,,
,,,,,,,,,,,,,,,,,,,,,,,,,,,,,
,,,,,,,,,,,,,,,,,,,,,,,,,,,,,
,,,,,,,,,,,,,,,,,,,,,,,,,,,,,
,,,,,,,,,,,,,,,,,,,,,,,,,,,,,
,,,,,,,,,,,,,,,,,,,,,,,,,,,,,
,,,,,,,,,,,,,,,,,,,,,,,,,,,,,
,,,,,,,,,,,,,,,,,,,,,,,,,,,,,
,,,,,,,,,,,,,,,,,,,,,,,,,,,,,
,,,,,,,,,,,,,,,,,,,,,,,,,,,,,
,,,,,,,,,,,,,,,,,,,,,,,,,,,,,
,,,,,,,,,,,,,,,,,,,,,,,,,,,,,
,,,,,,,,,,,,,,,,,,,,,,,,,,,,,
,,,,,,,,,,,,,,,,,,,,,,,,,,,,,
,,,,,,,,,,,,,,,,,,,,,,,,,,,,,
,,,,,,,,,,,,,,,,,,,,,,,,,,,,,
,,,,,,,,,,,,,,,,,,,,,,,,,,,,,
,,,,,,,,,,,,,,,,,,,,,,,,,,,,,
21 октября,,,,,,,,,,,,,,,,,,,,,,,,,,,,,
22 октября,,,,,,,,,,,,,,,,,,,,,,,,,,,,,
23 октября,,,,,,,,,,,,,,,,,,,,,,,,,,,,,
24 октября,,,,,,,,,,,,,,,,,,,,,,,,,,,,,
25 октября,,,,,,,,,,,,,,,,,,,,,,,,,,,,,
26 октября,,,,,,,,,,,,,,,,,,,,,,,,,,,,,
27 октября,,,,,,,,,,,,,,,,,,,,,,,,,,,,,
28 октября,,,,,,,,,,,,,,,,,,,,,,,,,,,,,
29 октября,,,,,,,,,,,,,,,,,,,,,,,,,,,,,
30 октября,,,,,,,,,,,,,,,,,,,,,,,,,,,,,
31 октября,,,,,,,,,,,,,,,,,,,,,,,,,,,,,
1 ноября,,,,,,,,,,,,,,,,,,,,,,,,,,,,,
2 ноября,,,,,,,,,,,,,,,,,,,,,,,,,,,,,
3 ноября,,,,,,,,,,,,,,,,,,,,,,,,,,,,,
4 ноября,,,,,,,,,,,,,,,,,,,,,,,,,,,,,
5 ноября,,,,,,,,,,,,,,,,,,,,,,,,,,,,,
6 ноября,,,,,,,,,,,,,,,,,,,,,,,,,,,,,
7 ноября,,,,,,,,,,,,,,,,,,,,,,,,,,,,,
8 ноября,,,,,,,,,,,,,,,,,,,,,,,,,,,,,
9 ноября,,,,,,,,,,,,,,,,,,,,,,,,,,,,,
10 ноября,,,,,,,,,,,,,,,,,,,,,,,,,,,,,
11 ноября,,,,,,,,,,,,,,,,,,,,,,,,,,,,,
12 ноября,,,,,,,,,,,,,,,,,,,,,,,,,,,,,
13 ноября,,,,,,,,,,,,,,,,,,,,,,,,,,,,,
14 ноября,,,,,,,,,,,,,,,,,,,,,,,,,,,,,
15 ноября,,,,,,,,,,,,,,,,,,,,,,,,,,,,,
16 ноября,,,,,,,,,,,,,,,,,,,,,,,,,,,,,
17 ноября,,,,,,,,,,,,,,,,,,,,,,,,,,,,,
18 ноября,,,,,,,,,,,,,,,,,,,,,,,,,,,,,
19 ноября,,,,,,,,,,,,,,,,,,,,,,,,,,,,,
20 ноября,,,,,,,,,,,,,,,,,,,,,,,,,,,,,
21 ноября,,,,,,,,,,,,,,,,,,,,,,,,,,,,,
22 ноября,,,,,,,,,,,,,,,,,,,,,,,,,,,,,
23 ноября,,,,,,,,,,,,,,,,,,,,,,,,,,,,,
24 ноября,,,,,,,,,,,,,,,,,,,,,,,,,,,,,
25 ноября,,,,,,,,,,,,,,,,,,,,,,,,,,,,,
26 ноября,,,,,,,,,,,,,,,,,,,,,,,,,,,,,
27 ноября,,,,,,,,,,,,,,,,,,,,,,,,,,,,,
28 ноября,,,,,,,,,,,,,,,,,,,,,,,,,,,,,
29 ноября,,,,,,,,,,,,,,,,,,,,,,,,,,,,,
30 ноября,,,,,,,,,,,,,,,,,,,,,,,,,,,,,
1 декабря,,,,,,,,,,,,,,,,,,,,,,,,,,,,,
2 декабря,,,,,,,,,,,,,,,,,,,,,,,,,,,,,
3 декабря,,,,,,,,,,,,,,,,,,,,,,,,,,,,,
4 декабря,,,,,,,,,,,,,,,,,,,,,,,,,,,,,
5 декабря,,,,,,,,,,,,,,,,,,,,,,,,,,,,,
6 декабря,,,,,,,,,,,,,,,,,,,,,,,,,,,,,
,,,,,,,,,,,,,,,,,,,,,,,,,,,,,
7 декабря,,,,,,,,,,,,,,,,,,,,,,,,,,,,,
8 декабря,,,,,,,,,,,,,,,,,,,,,,,,,,,,,
9 декабря,,,,,,,,,,,,,,,,,,,,,,,,,,,,,
10 декабря,,,,,,,,,,,,,,,,,,,,,,,,,,,,,
11 декабря,,,,,,,,,,,,,,,,,,,,,,,,,,,,,
12 декабря,,,,,,,,,,,,,,,,,,,,,,,,,,,,,
13 декабря,,,,,,,,,,,,,,,,,,,,,,,,,,,,,
,,,,,,,,,,,,,,,,,,,,,,,,,,,,,
14 декабря,,,,,,,,,,,,,,,,,,,,,,,,,,,,,
15 декабря,,,,,,,,,,,,,,,,,,,,,,,,,,,,,
16 декабря,,,,,,,,,,,,,,,,,,,,,,,,,,,,,
17 декабря,,,,,,,,,,,,,,,,,,,,,,,,,,,,,
18 декабря,,,,,,,,,,,,,,,,,,,,,,,,,,,,,
19 декабря,,,,,,,,,,,,,,,,,,,,,,,,,,,,,
20 декабря,,,,,,,,,,,,,,,,,,,,,,,,,,,,,
21 декабря,,,,,,,,,,,,,,,,,,,,,,,,,,,,,
22 декабря,,,,,,,,,,,,,,,,,,,,,,,,,,,,,
23 декабря,,,,,,,,,,,,,,,,,,,,,,,,,,,,,
24 декабря,,,,,,,,,,,,,,,,,,,,,,,,,,,,,
25 декабря,,,,,,,,,,,,,,,,,,,,,,,,,,,,,
26 декабря,,,,,,,,,,,,,,,,,,,,,,,,,,,,,
27 декабря,,,,,,,,,,,,,,,,,,,,,,,,,,,,,
28 декабря,,,,,,,,,,,,,,,,,,,,,,,,,,,,,
29 декабря,,,,,,,,,,,,,,,,,,,,,,,,,,,,,
30 декабря,,,,,,,,,,,,,,,,,,,,,,,,,,,,,
31 декабря,,,,,,,,,,,,,,,,,,,,,,,,,,,,,
1 января,,,,,,,,,,,,,,,,,,,,,,,,,,,,,
2 января,,,,,,,,,,,,,,,,,,,,,,,,,,,,,
3 января,,,,,,,,,,,,,,,,,,,,,,,,,,,,,
4 января,,,,,,,,,,,,,,,,,,,,,,,,,,,,,
5 января,,,,,,,,,,,,,,,,,,,,,,,,,,,,,
6 января,,,,,,,,,,,,,,,,,,,,,,,,,,,,,
7 января,,,,,,,,,,,,,,,,,,,,,,,,,,,,,
8 января,,,,,,,,,,,,,,,,,,,,,,,,,,,,,
9 января,,,,,,,,,,,,,,,,,,,,,,,,,,,,,
10 января,,,,,,,,,,,,,,,,,,,,,,,,,,,,,
11 января,,,,,,,,,,,,,,,,,,,,,,,,,,,,,
12 января,,,,,,,,,,,,,,,,,,,,,,,,,,,,,
13 января,,,,,,,,,,,,,,,,,,,,,,,,,,,,,
14 января,,,,,,,,,,,,,,,,,,,,,,,,,,,,,
15 января,,,,,,,,,,,,,,,,,,,,,,,,,,,,,
16 января,,,,,,,,,,,,,,,,,,,,,,,,,,,,,
17 января,,,,,,,,,,,,,,,,,,,,,,,,,,,,,
18 января,,,,,,,,,,,,,,,,,,,,,,,,,,,,,
19 января,,,,,,,,,,,,,,,,,,,,,,,,,,,,,
20 января,,,,,,,,,,,,,,,,,,,,,,,,,,,,,
21 января,,,,,,,,,,,,,,,,,,,,,,,,,,,,,
22 января,,,,,,,,,,,,,,,,,,,,,,,,,,,,,
,,,,,,,,,,,,,,,,,,,,,,,,,,,,,
23 января,,,,,,,,,,,,,,,,,,,,,,,,,,,,,
24 января,,,,,,,,,,,,,,,,,,,,,,,,,,,,,
,,,,,,,,,,,,,,,,,,,,,,,,,,,,,
25 января,,,,,,,,,,,,,,,,,,,,,,,,,,,,,
,,,,,,,,,,,,,,,,,,,,,,,,,,,,,
26 января,,,,,,,,,,,,,,,,,,,,,,,,,,,,,
,,,,,,,,,,,,,,,,,,,,,,,,,,,,,
27 января,,,,,,,,,,,,,,,,,,,,,,,,,,,,,
28 января,,,,,,,,,,,,,,,,,,,,,,,,,,,,,
29 января,,,,,,,,,,,,,,,,,,,,,,,,,,,,,
30 января,,,,,,,,,,,,,,,,,,,,,,,,,,,,,
31 января,,,,,,,,,,,,,,,,,,,,,,,,,,,,,
1 февраля,,,,,,,,,,,,,,,,,,,,,,,,,,,,,
2 февраля,,,,,,,,,,,,,,,,,,,,,,,,,,,,,
3 февраля,,,,,,,,,,,,,,,,,,,,,,,,,,,,,
4 февраля,,,,,,,,,,,,,,,,,,,,,,,,,,,,,
,,,,,,,,,,,,,,,,,,,,,,,,,,,,,
5 февраля,,,,,,,,,,,,,,,,,,,,,,,,,,,,,
6 февраля,,,,,,,,,,,,,,,,,,,,,,,,,,,,,
7 февраля,,,,,,,,,,,,,,,,,,,,,,,,,,,,,
8 февраля,,,,,,,,,,,,,,,,,,,,,,,,,,,,,
9 февраля,,,,,,,,,,,,,,,,,,,,,,,,,,,,,
,,,,,,,,,,,,,,,,,,,,,,,,,,,,,
10 февраля,,,,,,,,,,,,,,,,,,,,,,,,,,,,,
11 февраля,,,,,,,,,,,,,,,,,,,,,,,,,,,,,
12 февраля,,,,,,,,,,,,,,,,,,,,,,,,,,,,,
13 февраля,,,,,,,,,,,,,,,,,,,,,,,,,,,,,
14 февраля,,,,,,,,,,,,,,,,,,,,,,,,,,,,,
15 февраля,,,,,,,,,,,,,,,,,,,,,,,,,,,,,
16 февраля,,,,,,,,,,,,,,,,,,,,,,,,,,,,,
17 февраля,,,,,,,,,,,,,,,,,,,,,,,,,,,,,
18 февраля,,,,,,,,,,,,,,,,,,,,,,,,,,,,,
19 февраля,,,,,,,,,,,,,,,,,,,,,,,,,,,,,
20 февраля,,,,,,,,,,,,,,,,,,,,,,,,,,,,,
21 февраля,,,,,,,,,,,,,,,,,,,,,,,,,,,,,
22 февраля,,,,,,,,,,,,,,,,,,,,,,,,,,,,,
23 февраля,,,,,,,,,,,,,,,,,,,,,,,,,,,,,
24 февраля,,,,,,,,,,,,,,,,,,,,,,,,,,,,,
25 февраля,,,,,,,,,,,,,,,,,,,,,,,,,,,,,
26 февраля,,,,,,,,,,,,,,,,,,,,,,,,,,,,,
27 февраля,,,,,,,,,,,,,,,,,,,,,,,,,,,,,
28 февраля,,,,,,,,,,,,,,,,,,,,,,,,,,,,,
29 февраля,,,,,,,,,,,,,,,,,,,,,,,,,,,,,
1 марта,,,,,,,,,,,,,,,,,,,,,,,,,,,,,
2 марта,,,,,,,,,,,,,,,,,,,,,,,,,,,,,
3 марта,,,,,,,,,,,,,,,,,,,,,,,,,,,,,
4 марта,,,,,,,,,,,,,,,,,,,,,,,,,,,,,
5 марта,,,,,,,,,,,,,,,,,,,,,,,,,,,,,
6 марта,,,,,,,,,,,,,,,,,,,,,,,,,,,,,
7 марта,,,,,,,,,,,,,,,,,,,,,,,,,,,,,
8 марта,,,,,,,,,,,,,,,,,,,,,,,,,,,,,
9 марта,,,,,,,,,,,,,,,,,,,,,,,,,,,,,
10 марта,,,,,,,,,,,,,,,,,,,,,,,,,,,,,
11 марта,,,,,,,,,,,,,,,,,,,,,,,,,,,,,
12 марта,,,,,,,,,,,,,,,,,,,,,,,,,,,,,
13 марта,,,,,,,,,,,,,,,,,,,,,,,,,,,,,
14 марта,,,,,,,,,,,,,,,,,,,,,,,,,,,,,
15 марта,,,,,,,,,,,,,,,,,,,,,,,,,,,,,
16 марта,,,,,,,,,,,,,,,,,,,,,,,,,,,,,
17 марта,,,,,,,,,,,,,,,,,,,,,,,,,,,,,
,,,,,,,,,,,,,,,,,,,,,,,,,,,,,
18 марта,,,,,,,,,,,,,,,,,,,,,,,,,,,,,
19 марта,,,,,,,,,,,,,,,,,,,,,,,,,,,,,
20 марта,,,,,,,,,,,,,,,,,,,,,,,,,,,,,
21 марта,,,,,,,,,,,,,,,,,,,,,,,,,,,,,
22 марта,,,,,,,,,,,,,,,,,,,,,,,,,,,,,
23 марта,,,,,,,,,,,,,,,,,,,,,,,,,,,,,
24 марта,,,,,,,,,,,,,,,,,,,,,,,,,,,,,
25 марта,,,,,,,,,,,,,,,,,,,,,,,,,,,,,
26 марта,,,,,,,,,,,,,,,,,,,,,,,,,,,,,
27 марта,,,,,,,,,,,,,,,,,,,,,,,,,,,,,
28 марта,,,,,,,,,,,,,,,,,,,,,,,,,,,,,
29 марта,,,,,,,,,,,,,,,,,,,,,,,,,,,,,
30 марта,,,,,,,,,,,,,,,,,,,,,,,,,,,,,
31 марта,,,,,,,,,,,,,,,,,,,,,,,,,,,,,
1 апреля,,,,,,,,,,,,,,,,,,,,,,,,,,,,,
2 апреля,,,,,,,,,,,,,,,,,,,,,,,,,,,,,
3 апреля,,,,,,,,,,,,,,,,,,,,,,,,,,,,,
4 апреля,,,,,,,,,,,,,,,,,,,,,,,,,,,,,
5 апреля,,,,,,,,,,,,,,,,,,,,,,,,,,,,,
6 апреля,,,,,,,,,,,,,,,,,,,,,,,,,,,,,
7 апреля,,,,,,,,,,,,,,,,,,,,,,,,,,,,,
8 апреля,,,,,,,,,,,,,,,,,,,,,,,,,,,,,
9 апреля,,,,,,,,,,,,,,,,,,,,,,,,,,,,,
10 апреля,,,,,,,,,,,,,,,,,,,,,,,,,,,,,
11 апреля,,,,,,,,,,,,,,,,,,,,,,,,,,,,,
12 апреля,,,,,,,,,,,,,,,,,,,,,,,,,,,,,
13 апреля,,,,,,,,,,,,,,,,,,,,,,,,,,,,,
14 апреля,,,,,,,,,,,,,,,,,,,,,,,,,,,,,
15 апреля,,,,,,,,,,,,,,,,,,,,,,,,,,,,,
16 апреля,,,,,,,,,,,,,,,,,,,,,,,,,,,,,
17 апреля,,,,,,,,,,,,,,,,,,,,,,,,,,,,,
18 апреля,,,,,,,,,,,,,,,,,,,,,,,,,,,,,
19 апреля,,,,,,,,,,,,,,,,,,,,,,,,,,,,,
20 апреля,,,,,,,,,,,,,,,,,,,,,,,,,,,,,
21 апреля,,,,,,,,,,,,,,,,,,,,,,,,,,,,,
22 апреля,,,,,,,,,,,,,,,,,,,,,,,,,,,,,
23 апреля,,,,,,,,,,,,,,,,,,,,,,,,,,,,,
24 апреля,,,,,,,,,,,,,,,,,,,,,,,,,,,,,
25 апреля,,,,,,,,,,,,,,,,,,,,,,,,,,,,,
26 апреля,,,,,,,,,,,,,,,,,,,,,,,,,,,,,
27 апреля,,,,,,,,,,,,,,,,,,,,,,,,,,,,,
28 апреля,,,,,,,,,,,,,,,,,,,,,,,,,,,,,
29 апреля,,,,,,,,,,,,,,,,,,,,,,,,,,,,,
30 апреля,,,,,,,,,,,,,,,,,,,,,,,,,,,,,
1 мая,,,,,,,,,,,,,,,,,,,,,,,,,,,,,
2 мая,,,,,,,,,,,,,,,,,,,,,,,,,,,,,
3 мая,,,,,,,,,,,,,,,,,,,,,,,,,,,,,
4 мая,,,,,,,,,,,,,,,,,,,,,,,,,,,,,
5 мая,,,,,,,,,,,,,,,,,,,,,,,,,,,,,
6 мая,,,,,,,,,,,,,,,,,,,,,,,,,,,,,
7 мая,,,,,,,,,,,,,,,,,,,,,,,,,,,,,
8 мая,,,,,,,,,,,,,,,,,,,,,,,,,,,,,
9 мая,,,,,,,,,,,,,,,,,,,,,,,,,,,,,
10 мая,,,,,,,,,,,,,,,,,,,,,,,,,,,,,
11 мая,,,,,,,,,,,,,,,,,,,,,,,,,,,,,
12 мая,,,,,,,,,,,,,,,,,,,,,,,,,,,,,
13 мая,,,,,,,,,,,,,,,,,,,,,,,,,,,,,
14 мая,,,,,,,,,,,,,,,,,,,,,,,,,,,,,
15 мая,,,,,,,,,,,,,,,,,,,,,,,,,,,,,
,,,,,,,,,,,,,,,,,,,,,,,,,,,,,
16 мая,,,,,,,,,,,,,,,,,,,,,,,,,,,,,
17 мая,,,,,,,,,,,,,,,,,,,,,,,,,,,,,
,,,,,,,,,,,,,,,,,,,,,,,,,,,,,
18 мая,,,,,,,,,,,,,,,,,,,,,,,,,,,,,
19 мая,,,,,,,,,,,,,,,,,,,,,,,,,,,,,
,,,,,,,,,,,,,,,,,,,,,,,,,,,,,
20 мая,,,,,,,,,,,,,,,,,,,,,,,,,,,,,
,,,,,,,,,,,,,,,,,,,,,,,,,,,,,
21 мая,,,,,,,,,,,,,,,,,,,,,,,,,,,,,
22 мая,,,,,,,,,,,,,,,,,,,,,,,,,,,,,
,,,,,,,,,,,,,,,,,,,,,,,,,,,,,
23 мая,,,,,,,,,,,,,,,,,,,,,,,,,,,,,
24 мая,,,,,,,,,,,,,,,,,,,,,,,,,,,,,
25 мая,,,,,,,,,,,,,,,,,,,,,,,,,,,,,
26 мая,,,,,,,,,,,,,,,,,,,,,,,,,,,,,
27 мая,,,,,,,,,,,,,,,,,,,,,,,,,,,,,
,,,,,,,,,,,,,,,,,,,,,,,,,,,,,
28 мая,,,,,,,,,,,,,,,,,,,,,,,,,,,,,
29 мая,,,,,,,,,,,,,,,,,,,,,,,,,,,,,
30 мая,,,,,,,,,,,,,,,,,,,,,,,,,,,,,
31 мая,,,,,,,,,,,,,,,,,,,,,,,,,,,,,
1 июня,,,,,,,,,,,,,,,,,,,,,,,,,,,,,
2 июня,,,,,,,,,,,,,,,,,,,,,,,,,,,,,
3 июня,,,,,,,,,,,,,,,,,,,,,,,,,,,,,
4 июня,,,,,,,,,,,,,,,,,,,,,,,,,,,,,
5 июня,,,,,,,,,,,,,,,,,,,,,,,,,,,,,
6 июня,,,,,,,,,,,,,,,,,,,,,,,,,,,,,
7 июня,,,,,,,,,,,,,,,,,,,,,,,,,,,,,
8 июня,,,,,,,,,,,,,,,,,,,,,,,,,,,,,
9 июня,,,,,,,,,,,,,,,,,,,,,,,,,,,,,
10 июня,,,,,,,,,,,,,,,,,,,,,,,,,,,,,
11 июня,,,,,,,,,,,,,,,,,,,,,,,,,,,,,
12 июня,,,,,,,,,,,,,,,,,,,,,,,,,,,,,
13 июня,,,,,,,,,,,,,,,,,,,,,,,,,,,,,
14 июня,,,,,,,,,,,,,,,,,,,,,,,,,,,,,
15 июня,,,,,,,,,,,,,,,,,,,,,,,,,,,,,
16 июня,,,,,,,,,,,,,,,,,,,,,,,,,,,,,
17 июня,,,,,,,,,,,,,,,,,,,,,,,,,,,,,
18 июня,,,,,,,,,,,,,,,,,,,,,,,,,,,,,
19 июня,,,,,,,,,,,,,,,,,,,,,,,,,,,,,
20 июня,,,,,,,,,,,,,,,,,,,,,,,,,,,,,
21 июня,,,,,,,,,,,,,,,,,,,,,,,,,,,,,
22 июня,,,,,,,,,,,,,,,,,,,,,,,,,,,,,
23 июня,,,,,,,,,,,,,,,,,,,,,,,,,,,,,
24 июня,,,,,,,,,,,,,,,,,,,,,,,,,,,,,
25 июня,,,,,,,,,,,,,,,,,,,,,,,,,,,,,
26 июня,,,,,,,,,,,,,,,,,,,,,,,,,,,,,
27 июня,,,,,,,,,,,,,,,,,,,,,,,,,,,,,
28 июня,,,,,,,,,,,,,,,,,,,,,,,,,,,,,
29 июня,,,,,,,,,,,,,,,,,,,,,,,,,,,,,
30 июня,,,,,,,,,,,,,,,,,,,,,,,,,,,,,
,,,,,,,,,,,,,,,,,,,,,,,,,,,,,
,,,,,,,,,,,,,,,,,,,,,,,,,,,,,
,,,,,,,,,,,,,,,,,,,,,,,,,,,,,
Мероприятия 2024-2025 учебного года,,,,,,,,,,,,,,,,,,,,,,,,,,,,,
,,,,,,,,,,,,,,,,,,,,,,,,,,,,,
,,,,,,,,,,,,,,,,,,,,,,,,,,,,,
1 сентября,,,,,,,,,,,,,,,,,,,,,,,,,,,,,
2 сентября,,,,,,,,,,,,,,,,,,,,,,,,,,,,,
3 сентября,,,,,,,,,,,,,,,,,,,,,,,,,,,,,
4 сентября,,,,,,,,,,,,,,,,,,,,,,,,,,,,,
5 сентября,,,,,,,,,,,,,,,,,,,,,,,,,,,,,
6 сентября,,,,,,,,,,,,,,,,,,,,,,,,,,,,,
7 сентября,,,,,,,,,,,,,,,,,,,,,,,,,,,,,
8 сентября,,,,,,,,,,,,,,,,,,,,,,,,,,,,,
9 сентября,,,,,,,,,,,,,,,,,,,,,,,,,,,,,
10 сентября,,,,,,,,,,,,,,,,,,,,,,,,,,,,,
,,,,,,,,,,,,,,,,,,,,,,,,,,,,,
11 сентября,,,,,,,,,,,,,,,,,,,,,,,,,,,,,
12 сентября,,,,,,,,,,,,,,,,,,,,,,,,,,,,,
13 сентября,,,,,,,,,,,,,,,,,,,,,,,,,,,,,
14 сентября,,,,,,,,,,,,,,,,,,,,,,,,,,,,,
15 сентября,,,,,,,,,,,,,,,,,,,,,,,,,,,,,
16 сентября,,,,,,,,,,,,,,,,,,,,,,,,,,,,,
,,,,,,,,,,,,,,,,,,,,,,,,,,,,,
17 сентября,,,,,,,,,,,,,,,,,,,,,,,,,,,,,
18 сентября,,,,,,,,,,,,,,,,,,,,,,,,,,,,,
19 сентября,,,,,,,,,,,,,,,,,,,,,,,,,,,,,
20 сентября,,,,,,,,,,,,,,,,,,,,,,,,,,,,,
,,,,,,,,,,,,,,,,,,,,,,,,,,,,,
21 сентября,,,,,,,,,,,,,,,,,,,,,,,,,,,,,
22 сентября,,,,,,,,,,,,,,,,,,,,,,,,,,,,,
23 сентября,,,,,,,,,,,,,,,,,,,,,,,,,,,,,
24 сентября,,,,,,,,,,,,,,,,,,,,,,,,,,,,,
25 сентября,,,,,,,,,,,,,,,,,,,,,,,,,,,,,
26 сентября,,,,,,,,,,,,,,,,,,,,,,,,,,,,,
27 сентября,,,,,,,,,,,,,,,,,,,,,,,,,,,,,
28 сентября,,,,,,,,,,,,,,,,,,,,,,,,,,,,,
29 сентября,,,,,,,,,,,,,,,,,,,,,,,,,,,,,
30 сентября,,,,,,,,,,,,,,,,,,,,,,,,,,,,,
1 октября,,,,,,,,,,,,,,,,,,,,,,,,,,,,,
2 октября,,,,,,,,,,,,,,,,,,,,,,,,,,,,,
3 октября,,,,,,,,,,,,,,,,,,,,,,,,,,,,,
4 октября,,,,,,,,,,,,,,,,,,,,,,,,,,,,,
5 октября,,,,,,,,,,,,,,,,,,,,,,,,,,,,,
6 октября,,,,,,,,,,,,,,,,,,,,,,,,,,,,,
7 октября,,,,,,,,,,,,,,,,,,,,,,,,,,,,,
8 октября,,,,,,,,,,,,,,,,,,,,,,,,,,,,,
9 октября,,,,,,,,,,,,,,,,,,,,,,,,,,,,,
10 октября,,,,,,,,,,,,,,,,,,,,,,,,,,,,,
11 октября,,,,,,,,,,,,,,,,,,,,,,,,,,,,,
12 октября,,,,,,,,,,,,,,,,,,,,,,,,,,,,,
13 октября,,,,,,,,,,,,,,,,,,,,,,,,,,,,,
14 октября,,,,,,,,,,,,,,,,,,,,,,,,,,,,,
15 октября,,,,,,,,,,,,,,,,,,,,,,,,,,,,,
16 октября,,,,,,,,,,,,,,,,,,,,,,,,,,,,,
17 октября,,,,,,,,,,,,,,,,,,,,,,,,,,,,,
18 октября,,,,,,,,,,,,,,,,,,,,,,,,,,,,,
19 октября,,,,,,,,,,,,,,,,,,,,,,,,,,,,,
20 октября,,,,,,,,,,,,,,,,,,,,,,,,,,,,,
21 октября,,,,,,,,,,,,,,,,,,,,,,,,,,,,,
22 октября,,,,,,,,,,,,,,,,,,,,,,,,,,,,,
23 октября,,,,,,,,,,,,,,,,,,,,,,,,,,,,,
24 октября,,,,,,,,,,,,,,,,,,,,,,,,,,,,,
25 октября,,,,,,,,,,,,,,,,,,,,,,,,,,,,,
26 октября,,,,,,,,,,,,,,,,,,,,,,,,,,,,,
27 октября,,,,,,,,,,,,,,,,,,,,,,,,,,,,,
28 октября,,,,,,,,,,,,,,,,,,,,,,,,,,,,,
29 октября,,,,,,,,,,,,,,,,,,,,,,,,,,,,,
30 октября,,,,,,,,,,,,,,,,,,,,,,,,,,,,,
31 октября,,,,,,,,,,,,,,,,,,,,,,,,,,,,,
1 ноября,,,,,,,,,,,,,,,,,,,,,,,,,,,,,
2 ноября,,,,,,,,,,,,,,,,,,,,,,,,,,,,,
,,,,,,,,,,,,,,,,,,,,,,,,,,,,,
3 ноября,,,,,,,,,,,,,,,,,,,,,,,,,,,,,
4 ноября,,,,,,,,,,,,,,,,,,,,,,,,,,,,,
5 ноября,,,,,,,,,,,,,,,,,,,,,,,,,,,,,
6 ноября,,,,,,,,,,,,,,,,,,,,,,,,,,,,,
7 ноября,,,,,,,,,,,,,,,,,,,,,,,,,,,,,
8 ноября,,,,,,,,,,,,,,,,,,,,,,,,,,,,,
9 ноября,,,,,,,,,,,,,,,,,,,,,,,,,,,,,
10 ноября,,,,,,,,,,,,,,,,,,,,,,,,,,,,,
11 ноября,,,,,,,,,,,,,,,,,,,,,,,,,,,,,
12 ноября,,,,,,,,,,,,,,,,,,,,,,,,,,,,,
13 ноября,,,,,,,,,,,,,,,,,,,,,,,,,,,,,
14 ноября,,,,,,,,,,,,,,,,,,,,,,,,,,,,,
15 ноября,,,,,,,,,,,,,,,,,,,,,,,,,,,,,
16 ноября,,,,,,,,,,,,,,,,,,,,,,,,,,,,,
17 ноября,,,,,,,,,,,,,,,,,,,,,,,,,,,,,
18 ноября,,,,,,,,,,,,,,,,,,,,,,,,,,,,,
19 ноября,,,,,,,,,,,,,,,,,,,,,,,,,,,,,
20 ноября,,,,,,,,,,,,,,,,,,,,,,,,,,,,,
21 ноября,,,,,,,,,,,,,,,,,,,,,,,,,,,,,
22 ноября,,,,,,,,,,,,,,,,,,,,,,,,,,,,,
23 ноября,,,,,,,,,,,,,,,,,,,,,,,,,,,,,
24 ноября,,,,,,,,,,,,,,,,,,,,,,,,,,,,,
25 ноября,,,,,,,,,,,,,,,,,,,,,,,,,,,,,
26 ноября,,,,,,,,,,,,,,,,,,,,,,,,,,,,,
27 ноября,,,,,,,,,,,,,,,,,,,,,,,,,,,,,
28 ноября,,,,,,,,,,,,,,,,,,,,,,,,,,,,,
29 ноября,,,,,,,,,,,,,,,,,,,,,,,,,,,,,
30 ноября,,,,,,,,,,,,,,,,,,,,,,,,,,,,,
1 декабря,,,,,,,,,,,,,,,,,,,,,,,,,,,,,
2 декабря,,,,,,,,,,,,,,,,,,,,,,,,,,,,,
3 декабря,,,,,,,,,,,,,,,,,,,,,,,,,,,,,
4 декабря,,,,,,,,,,,,,,,,,,,,,,,,,,,,,
5 декабря,,,,,,,,,,,,,,,,,,,,,,,,,,,,,
6 декабря,,,,,,,,,,,,,,,,,,,,,,,,,,,,,
7 декабря,,,,,,,,,,,,,,,,,,,,,,,,,,,,,
8 декабря,,,,,,,,,,,,,,,,,,,,,,,,,,,,,
9 декабря,,,,,,,,,,,,,,,,,,,,,,,,,,,,,
10 декабря,,,,,,,,,,,,,,,,,,,,,,,,,,,,,
11 декабря,,,,,,,,,,,,,,,,,,,,,,,,,,,,,
12 декабря,,,,,,,,,,,,,,,,,,,,,,,,,,,,,
13 декабря,,,,,,,,,,,,,,,,,,,,,,,,,,,,,
14 декабря,,,,,,,,,,,,,,,,,,,,,,,,,,,,,
15 декабря,,,,,,,,,,,,,,,,,,,,,,,,,,,,,
,,,,,,,,,,,,,,,,,,,,,,,,,,,,,
16 декабря,,,,,,,,,,,,,,,,,,,,,,,,,,,,,
17 декабря,,,,,,,,,,,,,,,,,,,,,,,,,,,,,
18 декабря,,,,,,,,,,,,,,,,,,,,,,,,,,,,,
19 декабря,,,,,,,,,,,,,,,,,,,,,,,,,,,,,
,,,,,,,,,,,,,,,,,,,,,,,,,,,,,
20 декабря,,,,,,,,,,,,,,,,,,,,,,,,,,,,,
21 декабря,,,,,,,,,,,,,,,,,,,,,,,,,,,,,
22 декабря,,,,,,,,,,,,,,,,,,,,,,,,,,,,,
23 декабря,,,,,,,,,,,,,,,,,,,,,,,,,,,,,
24 декабря,,,,,,,,,,,,,,,,,,,,,,,,,,,,,
25 декабря,,,,,,,,,,,,,,,,,,,,,,,,,,,,,
26 декабря,,,,,,,,,,,,,,,,,,,,,,,,,,,,,
27 декабря,,,,,,,,,,,,,,,,,,,,,,,,,,,,,
28 декабря,,,,,,,,,,,,,,,,,,,,,,,,,,,,,
29 декабря,,,,,,,,,,,,,,,,,,,,,,,,,,,,,
30 декабря,,,,,,,,,,,,,,,,,,,,,,,,,,,,,
31 декабря,,,,,,,,,,,,,,,,,,,,,,,,,,,,,
1 января,,,,,,,,,,,,,,,,,,,,,,,,,,,,,
2 января,,,,,,,,,,,,,,,,,,,,,,,,,,,,,
3 января,,,,,,,,,,,,,,,,,,,,,,,,,,,,,
4 января,,,,,,,,,,,,,,,,,,,,,,,,,,,,,
5 января,,,,,,,,,,,,,,,,,,,,,,,,,,,,,
6 января,,,,,,,,,,,,,,,,,,,,,,,,,,,,,
7 января,,,,,,,,,,,,,,,,,,,,,,,,,,,,,
8 января,,,,,,,,,,,,,,,,,,,,,,,,,,,,,
9 января,,,,,,,,,,,,,,,,,,,,,,,,,,,,,
10 января,,,,,,,,,,,,,,,,,,,,,,,,,,,,,
11 января,,,,,,,,,,,,,,,,,,,,,,,,,,,,,
12 января,,,,,,,,,,,,,,,,,,,,,,,,,,,,,
13 января,,,,,,,,,,,,,,,,,,,,,,,,,,,,,
14 января,,,,,,,,,,,,,,,,,,,,,,,,,,,,,
15 января,,,,,,,,,,,,,,,,,,,,,,,,,,,,,
16 января,,,,,,,,,,,,,,,,,,,,,,,,,,,,,
17 января,,,,,,,,,,,,,,,,,,,,,,,,,,,,,
18 января,,,,,,,,,,,,,,,,,,,,,,,,,,,,,
19 января,,,,,,,,,,,,,,,,,,,,,,,,,,,,,
20 января,,,,,,,,,,,,,,,,,,,,,,,,,,,,,
21 января,,,,,,,,,,,,,,,,,,,,,,,,,,,,,
22 января,,,,,,,,,,,,,,,,,,,,,,,,,,,,,
23 января,,,,,,,,,,,,,,,,,,,,,,,,,,,,,
24 января,,,,,,,,,,,,,,,,,,,,,,,,,,,,,
25 января,,,,,,,,,,,,,,,,,,,,,,,,,,,,,
26 января,,,,,,,,,,,,,,,,,,,,,,,,,,,,,
27 января,,,,,,,,,,,,,,,,,,,,,,,,,,,,,
28 января,,,,,,,,,,,,,,,,,,,,,,,,,,,,,
29 января,,,,,,,,,,,,,,,,,,,,,,,,,,,,,
30 января,,,,,,,,,,,,,,,,,,,,,,,,,,,,,
31 января,,,,,,,,,,,,,,,,,,,,,,,,,,,,,
1 февраля,,,,,,,,,,,,,,,,,,,,,,,,,,,,,
2 февраля,,,,,,,,,,,,,,,,,,,,,,,,,,,,,
3 февраля,,,,,,,,,,,,,,,,,,,,,,,,,,,,,
4 февраля,,,,,,,,,,,,,,,,,,,,,,,,,,,,,
5 февраля,,,,,,,,,,,,,,,,,,,,,,,,,,,,,
6 февраля,,,,,,,,,,,,,,,,,,,,,,,,,,,,,
7 февраля,,,,,,,,,,,,,,,,,,,,,,,,,,,,,
8 февраля,,,,,,,,,,,,,,,,,,,,,,,,,,,,,
9 февраля,,,,,,,,,,,,,,,,,,,,,,,,,,,,,
10 февраля,,,,,,,,,,,,,,,,,,,,,,,,,,,,,
11 февраля,,,,,,,,,,,,,,,,,,,,,,,,,,,,,
12 февраля,,,,,,,,,,,,,,,,,,,,,,,,,,,,,
,,,,,,,,,,,,,,,,,,,,,,,,,,,,,
13 февраля,,,,,,,,,,,,,,,,,,,,,,,,,,,,,
14 февраля,,,,,,,,,,,,,,,,,,,,,,,,,,,,,
15 февраля,,,,,,,,,,,,,,,,,,,,,,,,,,,,,
16 февраля,,,,,,,,,,,,,,,,,,,,,,,,,,,,,
17 февраля,,,,,,,,,,,,,,,,,,,,,,,,,,,,,
18 февраля,,,,,,,,,,,,,,,,,,,,,,,,,,,,,
19 февраля,,,,,,,,,,,,,,,,,,,,,,,,,,,,,
20 февраля,,,,,,,,,,,,,,,,,,,,,,,,,,,,,
21 февраля,,,,,,,,,,,,,,,,,,,,,,,,,,,,,
22 февраля,,,,,,,,,,,,,,,,,,,,,,,,,,,,,
23 февраля,,,,,,,,,,,,,,,,,,,,,,,,,,,,,
24 февраля,,,,,,,,,,,,,,,,,,,,,,,,,,,,,
25 февраля,,,,,,,,,,,,,,,,,,,,,,,,,,,,,
26 февраля,,,,,,,,,,,,,,,,,,,,,,,,,,,,,
27 февраля,,,,,,,,,,,,,,,,,,,,,,,,,,,,,
28 февраля,,,,,,,,,,,,,,,,,,,,,,,,,,,,,
1 марта,,,,,,,,,,,,,,,,,,,,,,,,,,,,,
2 марта,,,,,,,,,,,,,,,,,,,,,,,,,,,,,
3 марта,,,,,,,,,,,,,,,,,,,,,,,,,,,,,
4 марта,,,,,,,,,,,,,,,,,,,,,,,,,,,,,
5 марта,,,,,,,,,,,,,,,,,,,,,,,,,,,,,
6 марта,,,,,,,,,,,,,,,,,,,,,,,,,,,,,
7 марта,,,,,,,,,,,,,,,,,,,,,,,,,,,,,
8 марта,,,,,,,,,,,,,,,,,,,,,,,,,,,,,
9 марта,,,,,,,,,,,,,,,,,,,,,,,,,,,,,
10 марта,,,,,,,,,,,,,,,,,,,,,,,,,,,,,
11 марта,,,,,,,,,,,,,,,,,,,,,,,,,,,,,
12 марта,,,,,,,,,,,,,,,,,,,,,,,,,,,,,
13 марта,,,,,,,,,,,,,,,,,,,,,,,,,,,,,
14 марта,,,,,,,,,,,,,,,,,,,,,,,,,,,,,
15 марта,,,,,,,,,,,,,,,,,,,,,,,,,,,,,
16 марта,,,,,,,,,,,,,,,,,,,,,,,,,,,,,
17 марта,,,,,,,,,,,,,,,,,,,,,,,,,,,,,
18 марта,,,,,,,,,,,,,,,,,,,,,,,,,,,,,
19 марта,,,,,,,,,,,,,,,,,,,,,,,,,,,,,
20 марта,,,,,,,,,,,,,,,,,,,,,,,,,,,,,
21 марта,,,,,,,,,,,,,,,,,,,,,,,,,,,,,
22 марта,,,,,,,,,,,,,,,,,,,,,,,,,,,,,
23 марта,,,,,,,,,,,,,,,,,,,,,,,,,,,,,
24 марта,,,,,,,,,,,,,,,,,,,,,,,,,,,,,
25 марта,,,,,,,,,,,,,,,,,,,,,,,,,,,,,
26 марта,,,,,,,,,,,,,,,,,,,,,,,,,,,,,
27 марта,,,,,,,,,,,,,,,,,,,,,,,,,,,,,
28 марта,,,,,,,,,,,,,,,,,,,,,,,,,,,,,
29 марта,,,,,,,,,,,,,,,,,,,,,,,,,,,,,
30 марта,,,,,,,,,,,,,,,,,,,,,,,,,,,,,
31 марта,,,,,,,,,,,,,,,,,,,,,,,,,,,,,
1 апреля,,,,,,,,,,,,,,,,,,,,,,,,,,,,,
2 апреля,,,,,,,,,,,,,,,,,,,,,,,,,,,,,
3 апреля,,,,,,,,,,,,,,,,,,,,,,,,,,,,,
4 апреля,,,,,,,,,,,,,,,,,,,,,,,,,,,,,
5 апреля,,,,,,,,,,,,,,,,,,,,,,,,,,,,,
6 апреля,,,,,,,,,,,,,,,,,,,,,,,,,,,,,
7 апреля,,,,,,,,,,,,,,,,,,,,,,,,,,,,,
8 апреля,,,,,,,,,,,,,,,,,,,,,,,,,,,,,
9 апреля,,,,,,,,,,,,,,,,,,,,,,,,,,,,,
10 апреля,,,,,,,,,,,,,,,,,,,,,,,,,,,,,
11 апреля,,,,,,,,,,,,,,,,,,,,,,,,,,,,,
12 апреля,,,,,,,,,,,,,,,,,,,,,,,,,,,,,
13 апреля,,,,,,,,,,,,,,,,,,,,,,,,,,,,,
14 апреля,,,,,,,,,,,,,,,,,,,,,,,,,,,,,
15 апреля,,,,,,,,,,,,,,,,,,,,,,,,,,,,,
16 апреля,,,,,,,,,,,,,,,,,,,,,,,,,,,,,
17 апреля,,,,,,,,,,,,,,,,,,,,,,,,,,,,,
18 апреля,,,,,,,,,,,,,,,,,,,,,,,,,,,,,
19 апреля,,,,,,,,,,,,,,,,,,,,,,,,,,,,,
20 апреля,,,,,,,,,,,,,,,,,,,,,,,,,,,,,
21 апреля,,,,,,,,,,,,,,,,,,,,,,,,,,,,,
22 апреля,,,,,,,,,,,,,,,,,,,,,,,,,,,,,
23 апреля,,,,,,,,,,,,,,,,,,,,,,,,,,,,,
24 апреля,,,,,,,,,,,,,,,,,,,,,,,,,,,,,
25 апреля,,,,,,,,,,,,,,,,,,,,,,,,,,,,,
26 апреля,,,,,,,,,,,,,,,,,,,,,,,,,,,,,
27 апреля,,,,,,,,,,,,,,,,,,,,,,,,,,,,,
28 апреля,,,,,,,,,,,,,,,,,,,,,,,,,,,,,
29 апреля,,,,,,,,,,,,,,,,,,,,,,,,,,,,,
30 апреля,,,,,,,,,,,,,,,,,,,,,,,,,,,,,
1 мая,,,,,,,,,,,,,,,,,,,,,,,,,,,,,
2 мая,,,,,,,,,,,,,,,,,,,,,,,,,,,,,
3 мая,,,,,,,,,,,,,,,,,,,,,,,,,,,,,
4 мая,,,,,,,,,,,,,,,,,,,,,,,,,,,,,
5 мая,,,,,,,,,,,,,,,,,,,,,,,,,,,,,
,,,,,,,,,,,,,,,,,,,,,,,,,,,,,
6 мая,,,,,,,,,,,,,,,,,,,,,,,,,,,,,
,,,,,,,,,,,,,,,,,,,,,,,,,,,,,
7 мая,,,,,,,,,,,,,,,,,,,,,,,,,,,,,
8 мая,,,,,,,,,,,,,,,,,,,,,,,,,,,,,
9 мая,,,,,,,,,,,,,,,,,,,,,,,,,,,,,
10 мая,,,,,,,,,,,,,,,,,,,,,,,,,,,,,
11 мая,,,,,,,,,,,,,,,,,,,,,,,,,,,,,
12 мая,,,,,,,,,,,,,,,,,,,,,,,,,,,,,
13 мая,,,,,,,,,,,,,,,,,,,,,,,,,,,,,
14 мая,,,,,,,,,,,,,,,,,,,,,,,,,,,,,
15 мая,,,,,,,,,,,,,,,,,,,,,,,,,,,,,
16 мая,,,,,,,,,,,,,,,,,,,,,,,,,,,,,
17 мая,,,,,,,,,,,,,,,,,,,,,,,,,,,,,
18 мая,,,,,,,,,,,,,,,,,,,,,,,,,,,,,
,,,,,,,,,,,,,,,,,,,,,,,,,,,,,
19 мая,,,,,,,,,,,,,,,,,,,,,,,,,,,,,
20 мая,,,,,,,,,,,,,,,,,,,,,,,,,,,,,
,,,,,,,,,,,,,,,,,,,,,,,,,,,,,
,,,,,,,,,,,,,,,,,,,,,,,,,,,,,
21 мая,,,,,,,,,,,,,,,,,,,,,,,,,,,,,
,,,,,,,,,,,,,,,,,,,,,,,,,,,,,
22 мая,,,,,,,,,,,,,,,,,,,,,,,,,,,,,
,,,,,,,,,,,,,,,,,,,,,,,,,,,,,
23 мая,,,,,,,,,,,,,,,,,,,,,,,,,,,,,
,,,,,,,,,,,,,,,,,,,,,,,,,,,,,
24 мая,,,,,,,,,,,,,,,,,,,,,,,,,,,,,
25 мая,,,,,,,,,,,,,,,,,,,,,,,,,,,,,
26 мая,,,,,,,,,,,,,,,,,,,,,,,,,,,,,
27 мая,,,,,,,,,,,,,,,,,,,,,,,,,,,,,
28 мая,,,,,,,,,,,,,,,,,,,,,,,,,,,,,
29 мая,,,,,,,,,,,,,,,,,,,,,,,,,,,,,
30 мая,,,,,,,,,,,,,,,,,,,,,,,,,,,,,
31 мая,,,,,,,,,,,,,,,,,,,,,,,,,,,,,
1 июня,,,,,,,,,,,,,,,,,,,,,,,,,,,,,
2 июня,,,,,,,,,,,,,,,,,,,,,,,,,,,,,
3 июня,,,,,,,,,,,,,,,,,,,,,,,,,,,,,
4 июня,,,,,,,,,,,,,,,,,,,,,,,,,,,,,
5 июня,,,,,,,,,,,,,,,,,,,,,,,,,,,,,
6 июня,,,,,,,,,,,,,,,,,,,,,,,,,,,,,
7 июня,,,,,,,,,,,,,,,,,,,,,,,,,,,,,
8 июня,,,,,,,,,,,,,,,,,,,,,,,,,,,,,
9 июня,,,,,,,,,,,,,,,,,,,,,,,,,,,,,
10 июня,,,,,,,,,,,,,,,,,,,,,,,,,,,,,
11 июня,,,,,,,,,,,,,,,,,,,,,,,,,,,,,
12 июня,,,,,,,,,,,,,,,,,,,,,,,,,,,,,
13 июня,,,,,,,,,,,,,,,,,,,,,,,,,,,,,
14 июня,,,,,,,,,,,,,,,,,,,,,,,,,,,,,
15 июня,,,,,,,,,,,,,,,,,,,,,,,,,,,,,
16 июня,,,,,,,,,,,,,,,,,,,,,,,,,,,,,
17 июня,,,,,,,,,,,,,,,,,,,,,,,,,,,,,
18 июня,,,,,,,,,,,,,,,,,,,,,,,,,,,,,
19 июня,,,,,,,,,,,,,,,,,,,,,,,,,,,,,
20 июня,,,,,,,,,,,,,,,,,,,,,,,,,,,,,
21 июня,,,,,,,,,,,,,,,,,,,,,,,,,,,,,
22 июня,,,,,,,,,,,,,,,,,,,,,,,,,,,,,
23 июня,,,,,,,,,,,,,,,,,,,,,,,,,,,,,
24 июня,,,,,,,,,,,,,,,,,,,,,,,,,,,,,
25 июня,,,,,,,,,,,,,,,,,,,,,,,,,,,,,
26 июня,,,,,,,,,,,,,,,,,,,,,,,,,,,,,
27 июня,,,,,,,,,,,,,,,,,,,,,,,,,,,,,
28 июня,,,,,,,,,,,,,,,,,,,,,,,,,,,,,
29 июня,,,,,,,,,,,,,,,,,,,,,,,,,,,,,
30 июня,,,,,,,,,,,,,,,,,,,,,,,,,,,,,
1 июля,,,,,,,,,,,,,,,,,,,,,,,,,,,,,
2 июля,,,,,,,,,,,,,,,,,,,,,,,,,,,,,
3 июля,,,,,,,,,,,,,,,,,,,,,,,,,,,,,
4 июля,,,,,,,,,,,,,,,,,,,,,,,,,,,,,
5 июля,,,,,,,,,,,,,,,,,,,,,,,,,,,,,
6 июля,,,,,,,,,,,,,,,,,,,,,,,,,,,,,
7 июля,,,,,,,,,,,,,,,,,,,,,,,,,,,,,
8 июля,,,,,,,,,,,,,,,,,,,,,,,,,,,,,
9 июля,,,,,,,,,,,,,,,,,,,,,,,,,,,,,
10 июля,,,,,,,,,,,,,,,,,,,,,,,,,,,,,
11 июля,,,,,,,,,,,,,,,,,,,,,,,,,,,,,
12 июля,,,,,,,,,,,,,,,,,,,,,,,,,,,,,
13 июля,,,,,,,,,,,,,,,,,,,,,,,,,,,,,
14 июля,,,,,,,,,,,,,,,,,,,,,,,,,,,,,
15 июля,,,,,,,,,,,,,,,,,,,,,,,,,,,,,
16 июля,,,,,,,,,,,,,,,,,,,,,,,,,,,,,
17 июля,,,,,,,,,,,,,,,,,,,,,,,,,,,,,
18 июля,,,,,,,,,,,,,,,,,,,,,,,,,,,,,
19 июля,,,,,,,,,,,,,,,,,,,,,,,,,,,,,
20 июля,,,,,,,,,,,,,,,,,,,,,,,,,,,,,
21 июля,,,,,,,,,,,,,,,,,,,,,,,,,,,,,
22 июля,,,,,,,,,,,,,,,,,,,,,,,,,,,,,
23 июля,,,,,,,,,,,,,,,,,,,,,,,,,,,,,
24 июля,,,,,,,,,,,,,,,,,,,,,,,,,,,,,
25 июля,,,,,,,,,,,,,,,,,,,,,,,,,,,,,
26 июля,,,,,,,,,,,,,,,,,,,,,,,,,,,,,
27 июля,,,,,,,,,,,,,,,,,,,,,,,,,,,,,
28 июля,,,,,,,,,,,,,,,,,,,,,,,,,,,,,
29 июля,,,,,,,,,,,,,,,,,,,,,,,,,,,,,
30 июля,,,,,,,,,,,,,,,,,,,,,,,,,,,,,
31 июля,,,,,,,,,,,,,,,,,,,,,,,,,,,,,
1 августа,,,,,,,,,,,,,,,,,,,,,,,,,,,,,
2 августа,,,,,,,,,,,,,,,,,,,,,,,,,,,,,
3 августа,,,,,,,,,,,,,,,,,,,,,,,,,,,,,
4 августа,,,,,,,,,,,,,,,,,,,,,,,,,,,,,
5 августа,,,,,,,,,,,,,,,,,,,,,,,,,,,,,
6 августа,,,,,,,,,,,,,,,,,,,,,,,,,,,,,
7 августа,,,,,,,,,,,,,,,,,,,,,,,,,,,,,
8 августа,,,,,,,,,,,,,,,,,,,,,,,,,,,,,
9 августа,,,,,,,,,,,,,,,,,,,,,,,,,,,,,
10 августа,,,,,,,,,,,,,,,,,,,,,,,,,,,,,
11 августа,,,,,,,,,,,,,,,,,,,,,,,,,,,,,
12 августа,,,,,,,,,,,,,,,,,,,,,,,,,,,,,
13 августа,,,,,,,,,,,,,,,,,,,,,,,,,,,,,
14 августа,,,,,,,,,,,,,,,,,,,,,,,,,,,,,
15 августа,,,,,,,,,,,,,,,,,,,,,,,,,,,,,
16 августа,,,,,,,,,,,,,,,,,,,,,,,,,,,,,
17 августа,,,,,,,,,,,,,,,,,,,,,,,,,,,,,
18 августа,,,,,,,,,,,,,,,,,,,,,,,,,,,,,
19 августа,,,,,,,,,,,,,,,,,,,,,,,,,,,,,
20 августа,,,,,,,,,,,,,,,,,,,,,,,,,,,,,
21 августа,,,,,,,,,,,,,,,,,,,,,,,,,,,,,
22 августа,,,,,,,,,,,,,,,,,,,,,,,,,,,,,
23 августа,,,,,,,,,,,,,,,,,,,,,,,,,,,,,
24 августа,,,,,,,,,,,,,,,,,,,,,,,,,,,,,
25 августа,,,,,,,,,,,,,,,,,,,,,,,,,,,,,
26 августа,,,,,,,,,,,,,,,,,,,,,,,,,,,,,
27 августа,,,,,,,,,,,,,,,,,,,,,,,,,,,,,
28 августа,,,,,,,,,,,,,,,,,,,,,,,,,,,,,
29 августа,,,,,,,,,,,,,,,,,,,,,,,,,,,,,
30 августа,,,,,,,,,,,,,,,,,,,,,,,,,,,,,
31 августа,,,,,,,,,,,,,,,,,,,,,,,,,,,,,
1 сентября,,,,,,,,,,,,,,,,,,,,,,,,,,,,,
2 сентября,,,,,,,,,,,,,,,,,,,,,,,,,,,,,
3 сентября,,,,,,,,,,,,,,,,,,,,,,,,,,,,,
4 сентября,,,,,,,,,,,,,,,,,,,,,,,,,,,,,
5 сентября,,,,,,,,,,,,,,,,,,,,,,,,,,,,,
6 сентября,,,,,,,,,,,,,,,,,,,,,,,,,,,,,
7 сентября,,,,,,,,,,,,,,,,,,,,,,,,,,,,,
8 сентября,,,,,,,,,,,,,,,,,,,,,,,,,,,,,
9 сентября,,,,,,,,,,,,,,,,,,,,,,,,,,,,,
10 сентября,,,,,,,,,,,,,,,,,,,,,,,,,,,,,
11 сентября,,,,,,,,,,,,,,,,,,,,,,,,,,,,,
12 сентября,,,,,,,,,,,,,,,,,,,,,,,,,,,,,
13 сентября,,,,,,,,,,,,,,,,,,,,,,,,,,,,,
14 сентября,,,,,,,,,,,,,,,,,,,,,,,,,,,,,
15 сентября,,,,,,,,,,,,,,,,,,,,,,,,,,,,,
16 сентября,,,,,,,,,,,,,,,,,,,,,,,,,,,,,
17 сентября,,,,,,,,,,,,,,,,,,,,,,,,,,,,,
18 сентября,,,,,,,,,,,,,,,,,,,,,,,,,,,,,
19 сентября,,,,,,,,,,,,,,,,,,,,,,,,,,,,,
20 сентября,,,,,,,,,,,,,,,,,,,,,,,,,,,,,
21 сентября,,,,,,,,,,,,,,,,,,,,,,,,,,,,,
22 сентября,,,,,,,,,,,,,,,,,,,,,,,,,,,,,
23 сентября,,,,,,,,,,,,,,,,,,,,,,,,,,,,,
24 сентября,,,,,,,,,,,,,,,,,,,,,,,,,,,,,
25 сентября,,,,,,,,,,,,,,,,,,,,,,,,,,,,,
26 сентября,,,,,,,,,,,,,,,,,,,,,,,,,,,,,
27 сентября,,,,,,,,,,,,,,,,,,,,,,,,,,,,,
28 сентября,,,,,,,,,,,,,,,,,,,,,,,,,,,,,
29 сентября,,,,,,,,,,,,,,,,,,,,,,,,,,,,,
30 сентября,,,,,,,,,,,,,,,,,,,,,,,,,,,,,
1 октября,,,,,,,,,,,,,,,,,,,,,,,,,,,,,
2 октября,,,,,,,,,,,,,,,,,,,,,,,,,,,,,
3 октября,,,,,,,,,,,,,,,,,,,,,,,,,,,,,
4 октября,,,,,,,,,,,,,,,,,,,,,,,,,,,,,
5 октября,,,,,,,,,,,,,,,,,,,,,,,,,,,,,
6 октября,,,,,,,,,,,,,,,,,,,,,,,,,,,,,
7 октября,,,,,,,,,,,,,,,,,,,,,,,,,,,,,
8 октября,,,,,,,,,,,,,,,,,,,,,,,,,,,,,
9 октября,,,,,,,,,,,,,,,,,,,,,,,,,,,,,
10 октября,,,,,,,,,,,,,,,,,,,,,,,,,,,,,
11 октября,,,,,,,,,,,,,,,,,,,,,,,,,,,,,
12 октября,,,,,,,,,,,,,,,,,,,,,,,,,,,,,
13 октября,,,,,,,,,,,,,,,,,,,,,,,,,,,,,
14 октября,,,,,,,,,,,,,,,,,,,,,,,,,,,,,
15 октября,,,,,,,,,,,,,,,,,,,,,,,,,,,,,
16 октября,,,,,,,,,,,,,,,,,,,,,,,,,,,,,
17 октября,,,,,,,,,,,,,,,,,,,,,,,,,,,,,
18 октября,,,,,,,,,,,,,,,,,,,,,,,,,,,,,
19 октября,,,,,,,,,,,,,,,,,,,,,,,,,,,,,
20 октября,,,,,,,,,,,,,,,,,,,,,,,,,,,,,
21 октября,,,,,,,,,,,,,,,,,,,,,,,,,,,,,
22 октября,,,,,,,,,,,,,,,,,,,,,,,,,,,,,
23 октября,,,,,,,,,,,,,,,,,,,,,,,,,,,,,
24 октября,,,,,,,,,,,,,,,,,,,,,,,,,,,,,
25 октября,,,,,,,,,,,,,,,,,,,,,,,,,,,,,
26 октября,,,,,,,,,,,,,,,,,,,,,,,,,,,,,
27 октября,,,,,,,,,,,,,,,,,,,,,,,,,,,,,
28 октября,,,,,,,,,,,,,,,,,,,,,,,,,,,,,
29 октября,,,,,,,,,,,,,,,,,,,,,,,,,,,,,
30 октября,,,,,,,,,,,,,,,,,,,,,,,,,,,,,
31 октября,,,,,,,,,,,,,,,,,,,,,,,,,,,,,
1 ноября,,,,,,,,,,,,,,,,,,,,,,,,,,,,,
2 ноября,,,,,,,,,,,,,,,,,,,,,,,,,,,,,
3 ноября,,,,,,,,,,,,,,,,,,,,,,,,,,,,,
4 ноября,,,,,,,,,,,,,,,,,,,,,,,,,,,,,
5 ноября,,,,,,,,,,,,,,,,,,,,,,,,,,,,,
6 ноября,,,,,,,,,,,,,,,,,,,,,,,,,,,,,
7 ноября,,,,,,,,,,,,,,,,,,,,,,,,,,,,,
8 ноября,,,,,,,,,,,,,,,,,,,,,,,,,,,,,
9 ноября,,,,,,,,,,,,,,,,,,,,,,,,,,,,,
10 ноября,,,,,,,,,,,,,,,,,,,,,,,,,,,,,
11 ноября,,,,,,,,,,,,,,,,,,,,,,,,,,,,,
12 ноября,,,,,,,,,,,,,,,,,,,,,,,,,,,,,
13 ноября,,,,,,,,,,,,,,,,,,,,,,,,,,,,,
14 ноября,,,,,,,,,,,,,,,,,,,,,,,,,,,,,
15 ноября,,,,,,,,,,,,,,,,,,,,,,,,,,,,,
16 ноября,,,,,,,,,,,,,,,,,,,,,,,,,,,,,
17 ноября,,,,,,,,,,,,,,,,,,,,,,,,,,,,,
18 ноября,,,,,,,,,,,,,,,,,,,,,,,,,,,,,
19 ноября,,,,,,,,,,,,,,,,,,,,,,,,,,,,,
20 ноября,,,,,,,,,,,,,,,,,,,,,,,,,,,,,
21 ноября,,,,,,,,,,,,,,,,,,,,,,,,,,,,,
22 ноября,,,,,,,,,,,,,,,,,,,,,,,,,,,,,
23 ноября,,,,,,,,,,,,,,,,,,,,,,,,,,,,,
24 ноября,,,,,,,,,,,,,,,,,,,,,,,,,,,,,
25 ноября,,,,,,,,,,,,,,,,,,,,,,,,,,,,,
26 ноября,,,,,,,,,,,,,,,,,,,,,,,,,,,,,
27 ноября,,,,,,,,,,,,,,,,,,,,,,,,,,,,,
28 ноября,,,,,,,,,,,,,,,,,,,,,,,,,,,,,
29 ноября,,,,,,,,,,,,,,,,,,,,,,,,,,,,,
30 ноября,,,,,,,,,,,,,,,,,,,,,,,,,,,,,
1 декабря,,,,,,,,,,,,,,,,,,,,,,,,,,,,,
2 декабря,,,,,,,,,,,,,,,,,,,,,,,,,,,,,
3 декабря,,,,,,,,,,,,,,,,,,,,,,,,,,,,,
4 декабря,,,,,,,,,,,,,,,,,,,,,,,,,,,,,
5 декабря,,,,,,,,,,,,,,,,,,,,,,,,,,,,,
6 декабря,,,,,,,,,,,,,,,,,,,,,,,,,,,,,
7 декабря,,,,,,,,,,,,,,,,,,,,,,,,,,,,,
8 декабря,,,,,,,,,,,,,,,,,,,,,,,,,,,,,
9 декабря,,,,,,,,,,,,,,,,,,,,,,,,,,,,,
10 декабря,,,,,,,,,,,,,,,,,,,,,,,,,,,,,
11 декабря,,,,,,,,,,,,,,,,,,,,,,,,,,,,,
12 декабря,,,,,,,,,,,,,,,,,,,,,,,,,,,,,
13 декабря,,,,,,,,,,,,,,,,,,,,,,,,,,,,,
14 декабря,,,,,,,,,,,,,,,,,,,,,,,,,,,,,
15 декабря,,,,,,,,,,,,,,,,,,,,,,,,,,,,,
16 декабря,,,,,,,,,,,,,,,,,,,,,,,,,,,,,
17 декабря,,,,,,,,,,,,,,,,,,,,,,,,,,,,,
18 декабря,,,,,,,,,,,,,,,,,,,,,,,,,,,,,
19 декабря,,,,,,,,,,,,,,,,,,,,,,,,,,,,,
20 декабря,,,,,,,,,,,,,,,,,,,,,,,,,,,,,
21 декабря,,,,,,,,,,,,,,,,,,,,,,,,,,,,,
22 декабря,,,,,,,,,,,,,,,,,,,,,,,,,,,,,
23 декабря,,,,,,,,,,,,,,,,,,,,,,,,,,,,,
24 декабря,,,,,,,,,,,,,,,,,,,,,,,,,,,,,
25 декабря,,,,,,,,,,,,,,,,,,,,,,,,,,,,,
26 декабря,,,,,,,,,,,,,,,,,,,,,,,,,,,,,
27 декабря,,,,,,,,,,,,,,,,,,,,,,,,,,,,,
28 декабря,,,,,,,,,,,,,,,,,,,,,,,,,,,,,
29 декабря,,,,,,,,,,,,,,,,,,,,,,,,,,,,,
30 декабря,,,,,,,,,,,,,,,,,,,,,,,,,,,,,
31 декабря,,,,,,,,,,,,,,,,,,,,,,,,,,,,,
1 января,,,,,,,,,,,,,,,,,,,,,,,,,,,,,
2 января,,,,,,,,,,,,,,,,,,,,,,,,,,,,,
3 января,,,,,,,,,,,,,,,,,,,,,,,,,,,,,
4 января,,,,,,,,,,,,,,,,,,,,,,,,,,,,,
5 января,,,,,,,,,,,,,,,,,,,,,,,,,,,,,
6 января,,,,,,,,,,,,,,,,,,,,,,,,,,,,,
7 января,,,,,,,,,,,,,,,,,,,,,,,,,,,,,
8 января,,,,,,,,,,,,,,,,,,,,,,,,,,,,,
9 января,,,,,,,,,,,,,,,,,,,,,,,,,,,,,
10 января,,,,,,,,,,,,,,,,,,,,,,,,,,,,,
11 января,,,,,,,,,,,,,,,,,,,,,,,,,,,,,
12 января,,,,,,,,,,,,,,,,,,,,,,,,,,,,,
13 января,,,,,,,,,,,,,,,,,,,,,,,,,,,,,
14 января,,,,,,,,,,,,,,,,,,,,,,,,,,,,,
15 января,,,,,,,,,,,,,,,,,,,,,,,,,,,,,
16 января,,,,,,,,,,,,,,,,,,,,,,,,,,,,,
17 января,,,,,,,,,,,,,,,,,,,,,,,,,,,,,
18 января,,,,,,,,,,,,,,,,,,,,,,,,,,,,,
19 января,,,,,,,,,,,,,,,,,,,,,,,,,,,,,
20 января,,,,,,,,,,,,,,,,,,,,,,,,,,,,,
21 января,,,,,,,,,,,,,,,,,,,,,,,,,,,,,
22 января,,,,,,,,,,,,,,,,,,,,,,,,,,,,,
23 января,,,,,,,,,,,,,,,,,,,,,,,,,,,,,
24 января,,,,,,,,,,,,,,,,,,,,,,,,,,,,,
25 января,,,,,,,,,,,,,,,,,,,,,,,,,,,,,
26 января,,,,,,,,,,,,,,,,,,,,,,,,,,,,,
27 января,,,,,,,,,,,,,,,,,,,,,,,,,,,,,
28 января,,,,,,,,,,,,,,,,,,,,,,,,,,,,,
29 января,,,,,,,,,,,,,,,,,,,,,,,,,,,,,
30 января,,,,,,,,,,,,,,,,,,,,,,,,,,,,,
31 января,,,,,,,,,,,,,,,,,,,,,,,,,,,,,
1 февраля,,,,,,,,,,,,,,,,,,,,,,,,,,,,,
2 февраля,,,,,,,,,,,,,,,,,,,,,,,,,,,,,
3 февраля,,,,,,,,,,,,,,,,,,,,,,,,,,,,,
4 февраля,,,,,,,,,,,,,,,,,,,,,,,,,,,,,
5 февраля,,,,,,,,,,,,,,,,,,,,,,,,,,,,,
6 февраля,,,,,,,,,,,,,,,,,,,,,,,,,,,,,
7 февраля,,,,,,,,,,,,,,,,,,,,,,,,,,,,,
8 февраля,,,,,,,,,,,,,,,,,,,,,,,,,,,,,
9 февраля,,,,,,,,,,,,,,,,,,,,,,,,,,,,,
10 февраля,,,,,,,,,,,,,,,,,,,,,,,,,,,,,
11 февраля,,,,,,,,,,,,,,,,,,,,,,,,,,,,,
12 февраля,,,,,,,,,,,,,,,,,,,,,,,,,,,,,
13 февраля,,,,,,,,,,,,,,,,,,,,,,,,,,,,,
14 февраля,,,,,,,,,,,,,,,,,,,,,,,,,,,,,
15 февраля,,,,,,,,,,,,,,,,,,,,,,,,,,,,,
16 февраля,,,,,,,,,,,,,,,,,,,,,,,,,,,,,
17 февраля,,,,,,,,,,,,,,,,,,,,,,,,,,,,,
18 февраля,,,,,,,,,,,,,,,,,,,,,,,,,,,,,
19 февраля,,,,,,,,,,,,,,,,,,,,,,,,,,,,,
20 февраля,,,,,,,,,,,,,,,,,,,,,,,,,,,,,
21 февраля,,,,,,,,,,,,,,,,,,,,,,,,,,,,,
22 февраля,,,,,,,,,,,,,,,,,,,,,,,,,,,,,
23 февраля,,,,,,,,,,,,,,,,,,,,,,,,,,,,,
24 февраля,,,,,,,,,,,,,,,,,,,,,,,,,,,,,
25 февраля,,,,,,,,,,,,,,,,,,,,,,,,,,,,,
26 февраля,,,,,,,,,,,,,,,,,,,,,,,,,,,,,
27 февраля,,,,,,,,,,,,,,,,,,,,,,,,,,,,,
28 февраля,,,,,,,,,,,,,,,,,,,,,,,,,,,,,
1 марта,,,,,,,,,,,,,,,,,,,,,,,,,,,,,
2 марта,,,,,,,,,,,,,,,,,,,,,,,,,,,,,
3 марта,,,,,,,,,,,,,,,,,,,,,,,,,,,,,
4 марта,,,,,,,,,,,,,,,,,,,,,,,,,,,,,
5 марта,,,,,,,,,,,,,,,,,,,,,,,,,,,,,
6 марта,,,,,,,,,,,,,,,,,,,,,,,,,,,,,
7 марта,,,,,,,,,,,,,,,,,,,,,,,,,,,,,
8 марта,,,,,,,,,,,,,,,,,,,,,,,,,,,,,
9 марта,,,,,,,,,,,,,,,,,,,,,,,,,,,,,
10 марта,,,,,,,,,,,,,,,,,,,,,,,,,,,,,
11 марта,,,,,,,,,,,,,,,,,,,,,,,,,,,,,
12 марта,,,,,,,,,,,,,,,,,,,,,,,,,,,,,
13 марта,,,,,,,,,,,,,,,,,,,,,,,,,,,,,
14 марта,,,,,,,,,,,,,,,,,,,,,,,,,,,,,
15 марта,,,,,,,,,,,,,,,,,,,,,,,,,,,,,
16 марта,,,,,,,,,,,,,,,,,,,,,,,,,,,,,
17 марта,,,,,,,,,,,,,,,,,,,,,,,,,,,,,
18 марта,,,,,,,,,,,,,,,,,,,,,,,,,,,,,
19 марта,,,,,,,,,,,,,,,,,,,,,,,,,,,,,
20 марта,,,,,,,,,,,,,,,,,,,,,,,,,,,,,
21 марта,,,,,,,,,,,,,,,,,,,,,,,,,,,,,
22 марта,,,,,,,,,,,,,,,,,,,,,,,,,,,,,
23 марта,,,,,,,,,,,,,,,,,,,,,,,,,,,,,
24 марта,,,,,,,,,,,,,,,,,,,,,,,,,,,,,
25 марта,,,,,,,,,,,,,,,,,,,,,,,,,,,,,
26 марта,,,,,,,,,,,,,,,,,,,,,,,,,,,,,
27 марта,,,,,,,,,,,,,,,,,,,,,,,,,,,,,
28 марта,,,,,,,,,,,,,,,,,,,,,,,,,,,,,
29 марта,,,,,,,,,,,,,,,,,,,,,,,,,,,,,
30 марта,,,,,,,,,,,,,,,,,,,,,,,,,,,,,
31 марта,,,,,,,,,,,,,,,,,,,,,,,,,,,,,
1 апреля,,,,,,,,,,,,,,,,,,,,,,,,,,,,,
2 апреля,,,,,,,,,,,,,,,,,,,,,,,,,,,,,
3 апреля,,,,,,,,,,,,,,,,,,,,,,,,,,,,,
4 апреля,,,,,,,,,,,,,,,,,,,,,,,,,,,,,
5 апреля,,,,,,,,,,,,,,,,,,,,,,,,,,,,,
6 апреля,,,,,,,,,,,,,,,,,,,,,,,,,,,,,
7 апреля,,,,,,,,,,,,,,,,,,,,,,,,,,,,,
8 апреля,,,,,,,,,,,,,,,,,,,,,,,,,,,,,
9 апреля,,,,,,,,,,,,,,,,,,,,,,,,,,,,,
10 апреля,,,,,,,,,,,,,,,,,,,,,,,,,,,,,
11 апреля,,,,,,,,,,,,,,,,,,,,,,,,,,,,,
12 апреля,,,,,,,,,,,,,,,,,,,,,,,,,,,,,
13 апреля,,,,,,,,,,,,,,,,,,,,,,,,,,,,,
14 апреля,,,,,,,,,,,,,,,,,,,,,,,,,,,,,
15 апреля,,,,,,,,,,,,,,,,,,,,,,,,,,,,,
16 апреля,,,,,,,,,,,,,,,,,,,,,,,,,,,,,
17 апреля,,,,,,,,,,,,,,,,,,,,,,,,,,,,,
18 апреля,,,,,,,,,,,,,,,,,,,,,,,,,,,,,
19 апреля,,,,,,,,,,,,,,,,,,,,,,,,,,,,,
20 апреля,,,,,,,,,,,,,,,,,,,,,,,,,,,,,
28 мая,,,,,,,,,,,,,,,,,,,,,,,,,,,,,
29 мая,,,,,,,,,,,,,,,,,,,,,,,,,,,,,
30 мая,,,,,,,,,,,,,,,,,,,,,,,,,,,,,
31 мая,,,,,,,,,,,,,,,,,,,,,,,,,,,,,
1 июня,,,,,,,,,,,,,,,,,,,,,,,,,,,,,
2 июня,,,,,,,,,,,,,,,,,,,,,,,,,,,,,
3 июня,,,,,,,,,,,,,,,,,,,,,,,,,,,,,
4 июня,,,,,,,,,,,,,,,,,,,,,,,,,,,,,
5 июня,,,,,,,,,,,,,,,,,,,,,,,,,,,,,
6 июня,,,,,,,,,,,,,,,,,,,,,,,,,,,,,
7 июня,,,,,,,,,,,,,,,,,,,,,,,,,,,,,
8 июня,,,,,,,,,,,,,,,,,,,,,,,,,,,,,
9 июня,,,,,,,,,,,,,,,,,,,,,,,,,,,,,
10 июня,,,,,,,,,,,,,,,,,,,,,,,,,,,,,
11 июня,,,,,,,,,,,,,,,,,,,,,,,,,,,,,
12 июня,,,,,,,,,,,,,,,,,,,,,,,,,,,,,
13 июня,,,,,,,,,,,,,,,,,,,,,,,,,,,,,
14 июня,,,,,,,,,,,,,,,,,,,,,,,,,,,,,
15 июня,,,,,,,,,,,,,,,,,,,,,,,,,,,,,
16 июня,,,,,,,,,,,,,,,,,,,,,,,,,,,,,
17 июня,,,,,,,,,,,,,,,,,,,,,,,,,,,,,
18 июня,,,,,,,,,,,,,,,,,,,,,,,,,,,,,
19 июня,,,,,,,,,,,,,,,,,,,,,,,,,,,,,
20 июня,,,,,,,,,,,,,,,,,,,,,,,,,,,,,
21 июня,,,,,,,,,,,,,,,,,,,,,,,,,,,,,
22 июня,,,,,,,,,,,,,,,,,,,,,,,,,,,,,
23 июня,,,,,,,,,,,,,,,,,,,,,,,,,,,,,
24 июня,,,,,,,,,,,,,,,,,,,,,,,,,,,,,
25 июня,,,,,,,,,,,,,,,,,,,,,,,,,,,,,
26 июня,,,,,,,,,,,,,,,,,,,,,,,,,,,,,
27 июня,,,,,,,,,,,,,,,,,,,,,,,,,,,,,
28 июня,,,,,,,,,,,,,,,,,,,,,,,,,,,,,
29 июня,,,,,,,,,,,,,,,,,,,,,,,,,,,,,
30 июня,,,,,,,,,,,,,,,,,,,,,,,,,,,,,
1 июля,,,,,,,,,,,,,,,,,,,,,,,,,,,,,
2 июля,,,,,,,,,,,,,,,,,,,,,,,,,,,,,
3 июля,,,,,,,,,,,,,,,,,,,,,,,,,,,,,
4 июля,,,,,,,,,,,,,,,,,,,,,,,,,,,,,